Workbook

Sheet Read me
A1: FJUH drug database: discrepancies with official labels
A3: Prepared | B3: 2026-10-05, while verifying the pharmacy antimicrobial reference (Notion) against official sources.
A4: Scope | B4: 1464 items found while checking 91 hospital antimicrobials on 2026-10-05 and 2026-10-06 (pharmacy.fjuh.fju.edu.tw).
A5: Sources | B5: US FDA label (DailyMed), UK SmPC (medicines.org.uk), Taiwan package insert (TFDA / hospital-hosted PDFs), NIH LactMed, IDSA and other guidelines. Each row cites its source.
A6: Severity | B6: High = could cause harm if followed (wrong or missing dose adjustment, missing contraindication or boxed warning). Medium = clinically relevant omission or outdated content. Low = wording, retired FDA letter categories, pharmacokinetic detail.
A7: Caution | B7: Severity and suggested actions were drafted with AI assistance from the label comparison and have not yet been reviewed by a pharmacist. Please confirm each item against the cited source before changing the database.
A8: How to use | B8: Start with the "High priority" tab. Track progress in the "DI team status" and "DI team notes" columns. "Recurring patterns" lists issues that repeat across drugs and can be fixed in one batch.
A10: Counts
A11: High | B11: =COUNTIF('All issues'!$C$2:$C$1465,"High")
A12: Medium | B12: =COUNTIF('All issues'!$C$2:$C$1465,"Medium")
A13: Low | B13: =COUNTIF('All issues'!$C$2:$C$1465,"Low")
A14: Total | B14: =SUM(B11:B13)

Sheet High priority
A1: ID | B1: Drug (hospital code) | C1: Severity | D1: Category | E1: Recurring pattern | F1: Suggested action | G1: Hospital database says | H1: Official source says | I1: Source | J1: DI team status | K1: DI team notes
A2: 1200 | B2: Akurit-4 / Akurit-3 (TB fixed-dose combinations) (AKU02, AKU01) | C2: High | D2: Contraindication/warning | F2: Add Akurit-3 contraindications: severe hepatic impairment, acute liver disease, acute gout. | G2: Lists hypersensitivity, ART, previous INH hepatic injury, severe INH reactions and optic neuritis only | H2: The Akurit-3 insert also contraindicates severe hepatic impairment, acute liver disease of any cause and acute gout | I2: TW 仿單 Akurit-3 §4 禁忌 — https://mcp.fda.gov.tw/im_detail_1/%E8%A1%9B%E7%BD%B2%E8%97%A5%E8%BC%B8%E5%AD%97%E7%AC%AC025519%E8%99%9F | J2: Open
A3: 1203 | B3: Akurit-4 / Akurit-3 (TB fixed-dose combinations) (AKU02, AKU01) | C3: High | D3: Dosing – adult | F3: Add caveat to >70 kg 5-tablet dose: 'may consider', follow TW CDC guideline, INH 300/RIF 600 mg caps. | G3: Body weight >70 kg: 5 tab PO QD | H3: The insert says ≥71 kg 5 tablets 「可考慮」 and to follow the TW CDC 結核病診治指引, which caps INH at 300 mg and RIF at 600 mg. Five tablets give RIF 750 and INH 375 mg, over that cap, and the hospital page drops the caveat. | I3: TW 仿單 Akurit-4/Akurit-3 §3.1 — https://mcp.fda.gov.tw/im_detail_1/%E8%A1%9B%E7%BD%B2%E8%97%A5%E8%BC%B8%E5%AD%97%E7%AC%AC025518%E8%99%9F | J3: Open
A4: 1211 | B4: Akurit-4 / Akurit-3 (TB fixed-dose combinations) (AKU02, AKU01) | C4: High | D4: Dosing – adult | F4: Add caveat to 5-tablet >70 kg dose: exceeds INH 300/RIF 600 mg max; follow TW CDC guideline. | G4: Body weight >70 kg: 5 tab PO QD, with no caveat. | H4: The 仿單 says ≥71 kg 5 tablets 「可考慮」, but refers dosing to the 疾管署結核病診治指引 and states the daily maximum of INH 300 mg and RIF 600 mg. 5 tablets delivers RIF 750 mg and INH 375 mg. | I4: Akurit-4/Akurit-3 仿單 §3.1 https://mcp.fda.gov.tw/im_detail_1/%E8%A1%9B%E7%BD%B2%E8%97%A5%E8%BC%B8%E5%AD%97%E7%AC%AC025518%E8%99%9F | J4: Open
A5: 1204 | B5: Akurit-4 / Akurit-3 (TB fixed-dose combinations) (AKU02, AKU01) | C5: High | D5: Dosing – renal/dialysis | F5: Fill renal/hepatic fields: FDC unsuitable at CrCl<30/HD (EMB adjustment); contraindicated in acute liver disease. | G5: AKU01: renal field blank, and the adjacent hepatic field reads 'There are no dosage adjustments provided in the manufacturer's labeling; use with caution.' AKU02: both renal and hepatic fields are blank. | H5: Both inserts state that ethambutol must be reduced by serum level in renal impairment, so the fixed tablet is unsuitable at CrCl <30 or on HD. They also contraindicate acute liver disease, and Akurit-3 contraindicates severe hepatic impairment. | I5: TW 仿單 Akurit-3 §5.1 Ethambutol and §4 — https://mcp.fda.gov.tw/im_detail_1/%E8%A1%9B%E7%BD%B2%E8%97%A5%E8%BC%B8%E5%AD%97%E7%AC%AC025519%E8%99%9F; US ethambutol label PRECAUTIONS | J5: Open
A6: 1212 | B6: Akurit-4 / Akurit-3 (TB fixed-dose combinations) (AKU02, AKU01) | C6: High | D6: Dosing – renal/dialysis | F6: State FDC unsuitable for CrCl<30/HD; use single agents thrice weekly; add severe hepatic impairment contraindication. | G6: AKU01: 'There are no dosage adjustments provided in the manufacturer's labeling; use with caution.' AKU02: renal field empty. | H6: Both inserts §5.1 say ethambutol must be reduced according to serum levels in renal impairment. The FDC cannot be adjusted, so CrCl <30 or HD needs single agents (UK EMB SmPC §4.2: 15–25 mg/kg 3×/week; ATS 2016: PZA/EMB thrice weekly after HD). The Akurit-3 insert also contraindicates use in severe hepatic impairment. | I6: Akurit-3 仿單 §4, §5.1 https://mcp.fda.gov.tw/im_detail_1/%E8%A1%9B%E7%BD%B2%E8%97%A5%E8%BC%B8%E5%AD%97%E7%AC%AC025519%E8%99%9F ; UK Ethambutol SmPC §4.2 https://www.medicines.org.uk/emc/product/14174/smpc | J6: Open
A7: 1199 | B7: Akurit-4 / Akurit-3 (TB fixed-dose combinations) (AKU02, AKU01) | C7: High | D7: Drug interaction | E7: Interaction list incomplete | F7: Add contraindicated fosamprenavir, cabotegravir, fostemsavir, lenacapavir, praziquantel, lurasidone; cite ARV label source for rilpivirine/EVG. | G7: Concomitant atazanavir, darunavir, saquinavir, tipranavir, rilpivirine or elvitegravir/cobicistat | H7: The US rifampin label contraindicates atazanavir, darunavir, fosamprenavir, saquinavir, tipranavir, ritonavir-boosted saquinavir, cabotegravir, fostemsavir, lenacapavir (Sunlenca), praziquantel and lurasidone. UK SmPC adds sofosbuvir, daclatasvir, telaprevir and jaundice. The hospital list leaves out fosamprenavir, cabotegravir, fostemsavir, lenacapavir, praziquantel and lurasidone. Rilpivirine and EVG/c are not in the rifampin label, although their own labels contraindicate rifampin. | I7: US rifampin label CONTRAINDICATIONS — https://dailymed.nlm.nih.gov/dailymed/drugInfo.cfm?setid=50f706f9-5003-4e15-bece-85b6213b1f5c; UK Rifater SmPC 4.3 — https://www.medicines.org.uk/emc/product/1596/smpc | J7: Open
A8: 1208 | B8: Akurit-4 / Akurit-3 (TB fixed-dose combinations) (AKU02, AKU01) | C8: High | D8: Drug interaction | E8: Interaction list incomplete | F8: Expand rifampin contraindicated list with fosamprenavir, cabotegravir, fostemsavir, lenacapavir, praziquantel, lurasidone, sofosbuvir etc. | G8: Lists concomitant atazanavir, darunavir, saquinavir, tipranavir, rilpivirine or elvitegravir/cobicistat. | H8: The list is incomplete compared with the rifampin labels. The US label also contraindicates fosamprenavir, cabotegravir, fostemsavir, lenacapavir, praziquantel and lurasidone, plus saquinavir/ritonavir for hepatotoxicity. The UK Rifater SmPC adds sofosbuvir, daclatasvir and telaprevir. Rilpivirine and elvitegravir/cobicistat are not in the rifampin label contraindications (they come from the ARV labels). | I8: US rifampin label, Contraindications https://dailymed.nlm.nih.gov/dailymed/drugInfo.cfm?setid=50f706f9-5003-4e15-bece-85b6213b1f5c ; UK Rifater SmPC §4.3 https://www.medicines.org.uk/emc/product/1596/smpc | J8: Open
A9: 223 | B9: Amikacin (AMI12) | C9: High | D9: Dosing – adult | F9: State label max 15 mg/kg/day (≤1.5 g/day); mark higher/intrathecal regimens off-label with citations | G9: Bloodstream infection IV 15–30 mg/kg once daily; CF 30–35 mg/kg once daily; intraventricular/intrathecal 5–50 mg/day; other off-label regimens | H9: US: total daily dose ≤15 mg/kg/day in 2–3 doses; heavy patients ≤1.5 g/day. UK: 15 mg/kg/day (once daily only if CrCl ≥50), ≤1.5 g/day. TW (stocked product): 7.5–15 mg/kg/day ÷2, ≤1.5 g/day. No label gives an intrathecal dose; the UK SmPC mentions only 0.25% irrigation of the cerebral ventricles. | I9: US D&A; UK SmPC 4.2; Taiwan insert 3.1 – https://mcp.fda.gov.tw/im_detail_1/%E8%A1%9B%E7%BD%B2%E8%97%A5%E8%A3%BD%E5%AD%97%E7%AC%AC024198%E8%99%9F | J9: Open
A10: 229 | B10: Amikacin (AMI12) | C10: High | D10: Dosing – adult | F10: Cap at label 15 mg/kg/day; mark 15–35 mg/kg regimens off-label with citations | G10: Bloodstream infection, and sepsis/septic shock: IV 15 to 30 mg/kg once daily. HAP/VAP and plague: 15–20 mg/kg once daily. CF: 30–35 mg/kg once daily. | H10: US: total daily dose must not exceed 15 mg/kg/day, and heavier patients ≤1.5 g/day. UK: 15 mg/kg/day, ≤1.5 g/day. TW insert: 7.5–15 mg/kg/day ÷ bid; life-threatening or Pseudomonas up to 500 mg q8h, ≤1.5 g/day. Doses above this are off-label and need a guideline or PubMed source (e.g. Taccone 2010, PMID 20370907, for ≥25 mg/kg in septic shock). | I10: US label DOSAGE AND ADMINISTRATION; UK SmPC 4.2; TW insert 3.1, https://mcp.fda.gov.tw/im_detail_1/%E8%A1%9B%E7%BD%B2%E8%97%A5%E8%A3%BD%E5%AD%97%E7%AC%AC024198%E8%99%9F | J10: Open
A11: 231 | B11: Amikacin (AMI12) | C11: High | D11: Dosing – adult | F11: Add limits: high-dose 500 mg q8h max 1.5 g/day, ≤10 days, total course ≤15 g (TW/UK); reassess beyond 10 days | G11: No maximum daily dose, treatment duration, or total-course limit stated. | H11: TW insert 3.1 and UK SmPC 4.2: escalated regimen (500 mg q8h) ≤1.5 g/day, ≤10 days, total ≤15 g. US: usual 7–10 days; reassess if >10 days; safety >14 days not established. | I11: TW insert 3.1; UK SmPC 4.2; US label DOSAGE AND ADMINISTRATION and WARNINGS box | J11: Open
A12: 224 | B12: Amikacin (AMI12) | C12: High | D12: Dosing – renal/dialysis | E12: Renal table outdated | F12: Replace unsourced GFR/CRRT table with label method or cite source; reconcile CRRT with Notion | G12: GFR 30–50: 5–7.5 mg/kg q12–18h; GFR 10–29: q18–24h; GFR <10: q48–72h; HD/PD 5 mg/kg then redose by level; CRRT 7.5 mg/kg q12h | H12: No label has GFR tiers or CRRT dosing. US: 7.5 mg/kg every (SCr × 9) h, or 7.5 mg/kg LD then reduced q12h dose in proportion to CrCl; neither method during dialysis. UK: same methods, and no once-daily total dose if CrCl <50. TW insert: no renal table. The hospital CRRT dose (7.5 mg/kg q12h) also disagrees with the Notion CRRT entry (LD 10 mg/kg then TDM). Both need a guideline or PubMed source. | I12: US D&A renal sections – https://dailymed.nlm.nih.gov/dailymed/drugInfo.cfm?setid=f260ff2a-76a0-4672-9516-91c344b67890; UK SmPC 4.2 | J12: Open
A13: 230 | B13: Amikacin (AMI12) | C13: High | D13: Dosing – renal/dialysis | E13: Renal table outdated | F13: Replace pediatric-unit GFR table with adult label renal method; CRRT per evidence with TDM | G13: GFR 30–50 mL/min/1.73 m²: 5–7.5 mg/kg q12–18h; GFR 10–29: q18–24h; GFR <10: q48–72h; IHD 5 mg/kg, redose by level; CRRT 7.5 mg/kg q12h. This sits right after the paediatric section, and the units (per 1.73 m²) suggest a paediatric table shown as the general renal adjustment. | H13: No label gives GFR tiers or CRRT dosing. US label (fallback, since the TW insert has none): 7.5 mg/kg every SCr×9 h, or a 7.5 mg/kg loading dose then reduced q12h doses in proportion to CrCl; neither method during dialysis. UK SmPC: no once-daily dosing if CrCl <50. CRRT evidence (Roger 2016, PMID 27270279) supports 25 mg/kg about q48h with TDM, not 7.5 mg/kg q12h. | I13: US label Impaired Renal Function sections; UK SmPC 4.2; Roger C 2016, https://pubmed.ncbi.nlm.nih.gov/27270279/ | J13: Open
A14: 235 | B14: AmoClav (Amoxicillin/clavulanate) (AMO04, AMO08) | C14: High | D14: Dosing – adult | F14: Remove q6h option: 1.2 g q8h only (max 600 mg clavulanate/day); use other IV amoxicillin if more needed | G14: 1.2 g every 8 hours; in severe infections, administer every 6 hours | H14: 1000 mg/200 mg every 8 hours only. This product delivers at most 3000 mg amoxicillin + 600 mg clavulanate a day; if more amoxicillin is needed, use an alternative IV formulation. q6h would give 800 mg/day clavulanate. | I14: UK SmPC 4.2 — https://www.medicines.org.uk/emc/product/7211/smpc | J14: Open
A15: 236 | B15: AmoClav (Amoxicillin/clavulanate) (AMO04, AMO08) | C15: High | D15: Dosing – adult | F15: Fix prophylaxis: <1 h single 1.2–2.2 g at induction; >1 h up to 3 doses total in 24 h | G15: 1.2 g at induction of anesthesia for procedures 1 hour, may administer up to 2-3 additional doses in 24 hours (the < or > sign is missing) | H15: Procedures <1 h: 1000/200 to 2000/200 mg at induction. Procedures >1 h: same at induction, with up to 3 doses of 1000/200 mg in 24 hours (3 in total, not 2–3 additional). | I15: UK SmPC 4.2 — https://www.medicines.org.uk/emc/product/7211/smpc | J15: Open
A16: 246 | B16: AmoClav (Amoxicillin/clavulanate) (AMO04, AMO08) | C16: High | D16: Dosing – adult | F16: Remove q6h option: 1.2 g q8h only (max 600 mg clavulanate/day) | G16: 1.2 g every 8 hours; in severe infections, administer every 6 hours | H16: 1000/200 mg every 8 hours only. The vial is designed for at most 3000 mg amoxicillin + 600 mg clavulanate a day (q6h gives 800 mg clavulanate). If more amoxicillin is needed, use an alternative IV formulation. | I16: UK SmPC §4.2, https://www.medicines.org.uk/emc/product/7211/smpc | J16: Open
A17: 247 | B17: AmoClav (Amoxicillin/clavulanate) (AMO04, AMO08) | C17: High | D17: Dosing – adult | F17: Restore '<'/'>' and state max 3 doses total in 24 h for procedures >1 h | G17: 1.2 g at induction of anesthesia for procedures [sign missing] 1 hour, may administer up to 2-3 additional doses in 24 hours | H17: Procedures <1 h: 1000/200–2000/200 mg at induction. Procedures >1 h: same, with up to 3 doses of 1000/200 mg in 24 h in total. The '<'/'>' sign is lost in the hospital text, and '2-3 additional doses' could exceed 3 doses in total. | I17: UK SmPC §4.2, https://www.medicines.org.uk/emc/product/7211/smpc | J17: Open
A18: 237 | B18: AmoClav (Amoxicillin/clavulanate) (AMO04, AMO08) | C18: High | D18: Dosing – pediatric | F18: Pediatric <40 kg: ≥3 mo 30 mg/kg q8h; <3 mo or <4 kg 30 mg/kg q12h infusion; remove q6h and titration | G18: 3 months to 12 years: 30 mg/kg every 8 hours; in severe infections, administer every 6 hours. 30 mg/kg every 12 hours; then titrate to every 8 hours (no age/weight condition). | H18: Children <40 kg (weight-based, not 'to 12 years'): ≥3 months 25/5 mg/kg (30 mg/kg combined) q8h. Children <3 months or <4 kg: 25/5 mg/kg q12h, infusion only. There is no q6h option and no 'titrate to q8h' step. The pediatric q6h-in-severe-infection line was not in the source brief; I found it on the live page. | I18: UK SmPC 4.2 Paediatric population — https://www.medicines.org.uk/emc/product/7211/smpc | J18: Open
A19: 248 | B19: AmoClav (Amoxicillin/clavulanate) (AMO04, AMO08) | C19: High | D19: Dosing – pediatric | F19: Weight-based <40 kg dosing; no q6h; q12h only for <3 mo or <4 kg by infusion | G19: 3 months to 12 years: 30 mg/kg every 8 hours; in severe infections every 6 hours / 30 mg/kg every 12 hours; then titrate to every 8 hours | H19: Children <40 kg: ≥3 months, 25/5 mg/kg (=30 mg/kg combined) q8h; <3 months or <4 kg, 25/5 mg/kg q12h by infusion only. No q6h regimen. The q12h line in the hospital entry has no age or weight condition, and the limit is weight-based (<40 kg), not 12 years. | I19: UK SmPC §4.2 Paediatric population and Method of administration, https://www.medicines.org.uk/emc/product/7211/smpc | J19: Open
A20: 238 | B20: AmoClav (Amoxicillin/clavulanate) (AMO04, AMO08) | C20: High | D20: Dosing – renal/dialysis | E20: Renal table outdated | F20: HD: 1.2 g once, then 600 mg q24h plus 600 mg after dialysis; remove q12h option; use combined units | G20: 1 g followed by 500 mg every 12 to 24 hours; if utilizing a 24-hour interval, administer dose after dialysis or give an additional 500 mg after dialysis (units switch from 1.2 g product to amoxicillin-only mg) | H20: 1000/200 mg (1.2 g) initially, then 500/100 mg (600 mg) every 24 h, plus 500/100 mg at the end of dialysis. No q12h option. | I20: UK SmPC 4.2 Renal impairment — https://www.medicines.org.uk/emc/product/7211/smpc | J20: Open
A21: 239 | B21: AmoClav (Amoxicillin/clavulanate) (AMO04, AMO08) | C21: High | D21: Dosing – renal/dialysis | E21: Renal table outdated | F21: Remove unsupported PD q12h regimen; no label PD dose (CrCl <10 maintenance is 600 mg q24h) | G21: 1 g followed by 500 mg every 12 hours | H21: No peritoneal dialysis dose in the UK SmPC or US label. For CrCl <10 the SmPC gives 600 mg q24h maintenance, so a q12h PD regimen is unsupported. | I21: UK SmPC 4.2 — https://www.medicines.org.uk/emc/product/7211/smpc; US label 2.6 — https://dailymed.nlm.nih.gov/dailymed/drugInfo.cfm?setid=80bef3fd-4f6f-4190-8865-9ac46c8947a3 | J21: Open
A22: 240 | B22: AmoClav (Amoxicillin/clavulanate) (AMO04, AMO08) | C22: High | D22: Dosing – renal/dialysis | F22: Escape '<' in HTML so CrCl <10 band (1.2 g then 600 mg q24h) displays | G22: Rendered page shows only '3. CrCl' followed by '4. Hemodialysis'. The unescaped '<' cuts the text off; it reads in full only in the raw source ('CrCl <10 mL/min: 1.2 g followed by 600 mg every 24 hours'). | H22: The dose itself matches the SmPC (1.2 g, then 600 mg q24h). The defect is HTML escaping: the CrCl <10 line is invisible to users. | I22: UK SmPC 4.2 — https://www.medicines.org.uk/emc/product/7211/smpc | J22: Open
A23: 249 | B23: AmoClav (Amoxicillin/clavulanate) (AMO04, AMO08) | C23: High | D23: Dosing – renal/dialysis | E23: Renal table outdated | F23: HD: 1.2 g once, then 600 mg q24h plus 600 mg after dialysis; no q12h | G23: 1 g followed by 500 mg every 12 to 24 hours; if 24-hour interval, dose after dialysis or extra 500 mg after dialysis | H23: 1000/200 mg once, then 500/100 mg every 24 h, plus 500/100 mg at the end of dialysis. Units should be 1.2 g/600 mg to match the combined-strength convention used elsewhere. The SmPC gives no q12h option for HD. | I23: UK SmPC §4.2 Renal impairment, https://www.medicines.org.uk/emc/product/7211/smpc | J23: Open
A24: 250 | B24: AmoClav (Amoxicillin/clavulanate) (AMO04, AMO08) | C24: High | D24: Dosing – renal/dialysis | E24: Renal table outdated | F24: Remove PD 500 mg q12h regimen; no label support | G24: 1 g followed by 500 mg every 12 hours | H24: No PD regimen in the UK SmPC or the US label | I24: UK SmPC §4.2, https://www.medicines.org.uk/emc/product/7211/smpc | J24: Open
A25: 251 | B25: AmoClav (Amoxicillin/clavulanate) (AMO04, AMO08) | C25: High | D25: Dosing – renal/dialysis | F25: Escape '<' as &lt; so CrCl <10 line renders | G25: Rendered page shows '3. CrCl' with the text cut off. The raw HTML has 'CrCl <10 mL/min: 1.2 g followed by 600 mg every 24 hours'; the unescaped '<' breaks rendering. | H25: CrCl <10: 1000/200 mg once, then 500/100 mg q24h (the content is correct once shown; the HTML needs '&lt;') | I25: UK SmPC §4.2, https://www.medicines.org.uk/emc/product/7211/smpc | J25: Open
A26: 581 | B26: Amoxicillin (AMO02) | C26: High | D26: Dosing – renal/dialysis | E26: Renal table outdated | F26: Restore GFR <10 label; set 250-500 mg q24h (US), max 500 mg/day (UK); remove q12h | G26: The row after '10-30' has no GFR label: '250 to 500 mg every 12 to 24 hours / 500 mg every 12 to 24 hours / 500 mg every 12 hours'. | H26: Presumably this row is GFR <10, and the US label gives 250–500 mg q24h there, not q12–24h. The UK SmPC gives a maximum of 500 mg/day. Neither label supports the 'every 12 hours' column. | I26: US FDA label §2.5 Table 2 — https://dailymed.nlm.nih.gov/dailymed/drugInfo.cfm?setid=9b3ab9ea-caee-4186-9068-43ca527c098d; UK SmPC §4.2 — https://www.medicines.org.uk/emc/product/10637/smpc | J26: Open
A27: 582 | B27: Amoxicillin (AMO02) | C27: High | D27: Dosing – renal/dialysis | E27: Renal table outdated | F27: GFR 10-30: change 1 g q12h to 250-500 mg q12h (max 500 mg bid) | G27: 1 g every 12 hours | H27: US: 250–500 mg every 12 hours. UK: maximum 500 mg twice daily. 1 g q12h is twice the labelled maximum. | I27: US FDA label §2.5 Table 2 — https://dailymed.nlm.nih.gov/dailymed/drugInfo.cfm?setid=9b3ab9ea-caee-4186-9068-43ca527c098d; UK SmPC §4.2 Renal impairment — https://www.medicines.org.uk/emc/product/10637/smpc | J27: Open
A28: 583 | B28: Amoxicillin (AMO02) | C28: High | D28: Dosing – renal/dialysis | E28: Renal table outdated | F28: HD: 250-500 mg q24h plus supplemental dose during/after HD; remove q12h options | G28: 250 to 500 mg every 12 to 24 hours / 500 mg every 12 to 24 hours / 500 mg every 12 hours | H28: US: 250–500 mg every 24 h, plus an extra dose during and at the end of dialysis. UK: 500 mg every 24 h, plus 500 mg before and 500 mg after HD. Neither label has a q12h option, and the hospital row omits the supplemental dose. The source brief did not mention this discrepancy. | I28: US FDA label §2.5 — https://dailymed.nlm.nih.gov/dailymed/drugInfo.cfm?setid=9b3ab9ea-caee-4186-9068-43ca527c098d; UK SmPC §4.2 Haemodialysis — https://www.medicines.org.uk/emc/product/10637/smpc | J28: Open
A29: 584 | B29: Amoxicillin (AMO02) | C29: High | D29: Dosing – renal/dialysis | E29: Renal table outdated | F29: PD: cap at 500 mg/day (UK SmPC); remove 500 mg q12h | G29: 250 to 500 mg every 12 hours / 500 mg every 12 hours / 500 mg every 12 hours | H29: UK: maximum 500 mg/day. The US label has no PD dose, so the PD row conflicts with the UK SmPC only; 500 mg q12h is 1 g/day. | I29: UK SmPC §4.2 'In patients receiving peritoneal dialysis Amoxicillin maximum 500 mg/day' — https://www.medicines.org.uk/emc/product/10637/smpc | J29: Open
A30: 591 | B30: Amoxicillin (AMO02) | C30: High | D30: Dosing – renal/dialysis | E30: Renal table outdated | F30: Fix missing '<10' row label (HTML escape); set 250-500 mg q24h, max 500 mg/day | G30: Row with no GFR label: '250 to 500 mg every 12 to 24 hours / 500 mg every 12 to 24 hours / 500 mg every 12 hours' (presumably GFR <10; label probably lost to unescaped '<' in HTML) | H30: GFR <10: 250–500 mg q24h (US); max 500 mg/day (UK). q12h and q12–24h both exceed the label maximum. | I30: US label §2.5 Table 2 — https://dailymed.nlm.nih.gov/dailymed/drugInfo.cfm?setid=9b3ab9ea-caee-4186-9068-43ca527c098d; UK SmPC §4.2 — https://www.medicines.org.uk/emc/product/10637/smpc | J30: Open
A31: 592 | B31: Amoxicillin (AMO02) | C31: High | D31: Dosing – renal/dialysis | E31: Renal table outdated | F31: GFR 10-30: change 1 g q12h to 250-500 mg q12h | G31: 1 g every 12 hours | H31: US: 250–500 mg q12h; UK: maximum 500 mg twice daily | I31: US label §2.5 Table 2; UK SmPC §4.2 renal table | J31: Open
A32: 593 | B32: Amoxicillin (AMO02) | C32: High | D32: Dosing – renal/dialysis | E32: Renal table outdated | F32: HD: 250-500 mg q24h plus supplemental dose with HD; remove q12h | G32: 250–500 mg q12–24h / 500 mg q12–24h / 500 mg q12h; no supplemental dose | H32: US: 250–500 mg q24h + extra dose during and at end of HD. UK: 500 mg q24h + 500 mg before and 500 mg after HD. No q12h option. | I32: US label §2.5 Table 2; UK SmPC §4.2 haemodialysis | J32: Open
A33: 594 | B33: Amoxicillin (AMO02) | C33: High | D33: Dosing – renal/dialysis | E33: Renal table outdated | F33: PD: max 500 mg/day (UK SmPC); remove q12h regimens | G33: 250–500 mg q12h / 500 mg q12h / 500 mg q12h (up to 1 g/day) | H33: UK: maximum 500 mg/day. No US PD dose. | I33: UK SmPC §4.2 peritoneal dialysis — https://www.medicines.org.uk/emc/product/10637/smpc | J33: Open
A34: 576 | B34: Ampolin (Ampicillin) (AMP01) | C34: High | D34: Dosing – adult | F34: Add label doses; label 2 g q4h and 300-400 mg/kg/day as guideline with citation; 400 mg/kg/day exceeds labels | G34: Adults 2 g q4h (enterococcal/Listeria bacteremia, endocarditis, meningitis); 1–2 g q4–6h for enterococcal cUTI; children 50–200 mg/kg/day (max 8 g/day), 300–400 mg/kg/day (max 12 g/day) for meningitis/endocarditis. No citation, and no label doses shown. | H34: The stocked product's insert gives 250–500 mg q6h (or 2–4×/day IM), gonococcal urethritis 500 mg q12h, meningitis 8–14 g/day adults and 100–200 mg/kg/day children. US: 250–500 mg q6h; meningitis/septicemia 150–200 mg/kg/day q3–4h. UK: 500 mg 4–6×/day; meningitis 2 g q6h. The 2 g q4h and 300–400 mg/kg/day regimens are guideline (IDSA/AHA/ESC) doses, not label doses, and should be labelled and cited as such. 400 mg/kg/day exceeds every label. | I34: Ampolin 仿單 用法用量 https://mcp.fda.gov.tw/insert/pdfcasefile/i_f87fe441-fe10-4930-90d7-250bb0fcbf57; DailyMed DOSAGE AND ADMINISTRATION https://dailymed.nlm.nih.gov/dailymed/drugInfo.cfm?setid=64a04e8c-8f78-46b3-8f45-56ef225a4f74; UK SmPC 4.2 https://www.medicines.org.uk/emc/product/12892/smpc | J34: Open
A35: 568 | B35: Ampolin (Ampicillin) (AMP01) | C35: High | D35: Dosing – pediatric | F35: Clarify cIAI max 2,000 mg as per dose; note no label cIAI pediatric dose | G35: 200 mg/kg/day divided every 6 hours; maximum 2,000 mg | H35: No label gives a paediatric cIAI dose. 'Maximum 2,000 mg' does not say whether it is per dose or per day; read as per day it caps a 200 mg/kg/day regimen at 10 kg body weight. It looks like a per-dose cap written ambiguously. The label paediatric doses are 25-50 mg/kg/day (RTI/soft tissue), 50 mg/kg/day (GI/GU) and 150-200 mg/kg/day (meningitis/septicemia). | I35: DailyMed ampicillin DOSAGE AND ADMINISTRATION https://dailymed.nlm.nih.gov/dailymed/drugInfo.cfm?setid=3b683547-48ac-48ca-8fd4-6866fd17be34 | J35: Open
A36: 569 | B36: Ampolin (Ampicillin) (AMP01) | C36: High | D36: Dosing – pediatric | F36: Replace pediatric doses with label ranges; add US neonatal GA/PNA table; flag >200 mg/kg/day as off-label | G36: 50-200 mg/kg/day q6h (max 8 g/day); 300-400 mg/kg/day (max 12 g/day) for meningitis; IE 200-300 mg/kg/day | H36: These figures and maximums are not in the TW insert (meningitis 100-200 mg/kg/day; general 25-60 mg/kg/day) or the US label (150-200 mg/kg/day; neonatal table by GA/PNA). The neonatal dosing table in the US label is missing from the hospital page. | I36: Taiwan insert https://mcp.fda.gov.tw/insert/pdfcasefile/i_f87fe441-fe10-4930-90d7-250bb0fcbf57; DailyMed ampicillin TABLE 1 https://dailymed.nlm.nih.gov/dailymed/drugInfo.cfm?setid=3b683547-48ac-48ca-8fd4-6866fd17be34 | J36: Open
A37: 575 | B37: Ampolin (Ampicillin) (AMP01) | C37: High | D37: Dosing – pediatric | F37: Specify cIAI cap as 2,000 mg/dose; note not label-derived | G37: 200 mg/kg/day divided every 6 hours; maximum 2,000 mg | H37: No label gives a pediatric cIAI dose or this cap. As written, 'maximum 2,000 mg' reads as a daily cap, which would contradict 200 mg/kg/day for any child over 10 kg. It is presumably a per-dose cap and should say '/dose'. | I37: DailyMed ampicillin DOSAGE AND ADMINISTRATION (no cIAI dose) https://dailymed.nlm.nih.gov/dailymed/drugInfo.cfm?setid=3b683547-48ac-48ca-8fd4-6866fd17be34; Ampolin 仿單 https://mcp.fda.gov.tw/insert/pdfcasefile/i_f87fe441-fe10-4930-90d7-250bb0fcbf57 | J37: Open
A38: 570 | B38: Ampolin (Ampicillin) (AMP01) | C38: High | D38: Dosing – renal/dialysis | E38: Renal table outdated | F38: Cite renal intervals source; add post-HD supplemental dose (UK SmPC) | G38: CrCl 10-50: interval q6-12h; CrCl <10: interval q12-16h | H38: The TW insert and US labels have no CrCl table. The UK SmPC says only that for CrCl <10 the dose should be reduced or the interval extended, with an extra dose after dialysis. The hospital's intervals cite no source, and the page says nothing about dosing after HD. | I38: UK SmPC 4.2 https://www.medicines.org.uk/emc/product/12892/smpc; DailyMed ampicillin OVERDOSAGE https://dailymed.nlm.nih.gov/dailymed/drugInfo.cfm?setid=3b683547-48ac-48ca-8fd4-6866fd17be34 | J38: Open
A39: 577 | B39: Ampolin (Ampicillin) (AMP01) | C39: High | D39: Dosing – renal/dialysis | E39: Renal table outdated | F39: Revise renal intervals (q12h CrCl 7-30, q24h post-HD in ESRD per Blum 1989); add HD/PD/CRRT guidance with sources | G39: CrCl 10–50: q6–12h; CrCl <10: q12–16h (uncited) | H39: No label has a CrCl table: the TW insert has no renal section, the US label has none, and the UK SmPC only says CrCl <10 → reduce dose or extend interval plus a post-dialysis dose. The available PK study (Blum 1989, ampicillin 2 g) supports q12h at CrCl 7–30 and q24h after HD for ESRD, longer than the hospital's q12–16h. The hospital page also gives no HD, PD or CRRT guidance. The label says ampicillin is removed by HD, not PD. | I39: UK SmPC 4.2 Renal Impairment https://www.medicines.org.uk/emc/product/12892/smpc; DailyMed OVERDOSAGE https://dailymed.nlm.nih.gov/dailymed/drugInfo.cfm?setid=3b683547-48ac-48ca-8fd4-6866fd17be34; Blum RA 1989 PMID 2817847 https://pubmed.ncbi.nlm.nih.gov/2817847/ | J39: Open
A40: 269 | B40: Antifect (Cefepime) (ANT10) | C40: High | D40: Administration/compatibility | F40: Infusion fluids: NS, D5W/D10W, D5NS, M/6 lactate, LR with D5; SWFI for reconstitution only, not plain LR | G40: 稀釋溶液：NS、D5W、SWFI、LR (仿單) | H40: TW insert/FDA infusion fluids: 0.9% NaCl, 5% and 10% dextrose, M/6 sodium lactate, D5NS, lactated Ringer's WITH 5% dextrose (not plain LR). Sterile water is listed only for reconstitution, not as an infusion diluent. | I40: Taiwan Antifect insert §3.2 相容性及安定性 — https://mcp.fda.gov.tw/im_detail_1/%E8%A1%9B%E7%BD%B2%E8%97%A5%E8%A3%BD%E5%AD%97%E7%AC%AC047983%E8%99%9F ; US FDA label §2.4, §2.6 | J40: Open
A41: 258 | B41: Antifect (Cefepime) (ANT10) | C41: High | D41: Dosing – renal/dialysis | E41: Renal table outdated | F41: Replace regimen columns with label: 500 mg q12h, 1 g q12h, 2 g q12h, 2 g q8h; delete 1 g q6h | G41: Usual recommended doses at CrCl >60 are 1g Q12H, 2g Q12H, 1g Q6H and 2g Q8H. | H41: No label has a 1 g q6h regimen. FDA Table 2 regimens are 500 mg q12h, 1 g q12h, 2 g q12h and 2 g q8h. Taiwan 表5 regimens are 2 g q8h, 2 g q12h, 1 g q12h and 0.5 g q12h. | I41: US FDA label 2.3 Table 2 — https://dailymed.nlm.nih.gov/dailymed/drugInfo.cfm?setid=de477f37-40f6-4295-ae72-a2ee36a8922e; Taiwan Antifect insert 3.3 表5 — https://mcp.fda.gov.tw/im_detail_1/%E8%A1%9B%E7%BD%B2%E8%97%A5%E8%A3%BD%E5%AD%97%E7%AC%AC047983%E8%99%9F | J41: Open
A42: 259 | B42: Antifect (Cefepime) (ANT10) | C42: High | D42: Dosing – renal/dialysis | E42: Renal table outdated | F42: CrCl 30–60: 2 g q12h→2 g q24h; 2 g q8h→2 g q12h; remove 1 g q8h row | G42: 1g Q24H / 1g Q12H / 1g Q8H / 2g Q12H (for the 1g q12h / 2g q12h / 1g q6h / 2g q8h regimens) | H42: FDA 30-60: 1 g q12h → 1 g q24h; 2 g q12h → 2 g q24h (not 1 g q12h); 2 g q8h → 2 g q12h. The label has no 1 g q6h regimen, so '1g Q8H' has no label basis. Taiwan uses a 30-50 band with the same values. | I42: US FDA label 2.3 Table 2; Taiwan Antifect insert 表5 | J42: Open
A43: 260 | B43: Antifect (Cefepime) (ANT10) | C43: High | D43: Dosing – renal/dialysis | E43: Renal table outdated | F43: CrCl 11–29 for 2 g q8h: 2 g q24h only; label last row CrCl <11 (≤10 TW) | G43: 11-29: 500mg Q24H / 1g Q24H / 1g Q12H / '1g Q12H or 2g Q24H'. The last row (250mg / 500mg / 1g / 1g Q24H) has no CrCl label. | H43: FDA and Taiwan, for the 2 g q8h regimen at CrCl 11-29: 2 g q24h only. 1 g q12h is not a label option. The last row should be labelled CrCl <11 (FDA) or ≤10 (Taiwan). | I43: US FDA label 2.3 Table 2; Taiwan Antifect insert 表5 | J43: Open
A44: 261 | B44: Antifect (Cefepime) (ANT10) | C44: High | D44: Dosing – renal/dialysis | E44: Renal table outdated | F44: Add HD (1 g day 1, then 500 mg q24h after HD; FN 1 g q24h) and CAPD (usual dose q48h) | G44: Gives no HD or CAPD rows and uses FDA-style bands (>60 / 30-60 / 11-29). | H44: All labels give HD (1 g on day 1, then 0.5 g q24h after dialysis; FDA/SmPC: 1 g q24h for FN) and CAPD (usual dose q48h). The stocked Antifect product's Taiwan insert uses >50 / 30-50 / 11-29 / ≤10. | I44: Taiwan Antifect insert 3.3 表5 and 透析患者; US FDA label 2.3 | J44: Open
A45: 265 | B45: Antifect (Cefepime) (ANT10) | C45: High | D45: Dosing – renal/dialysis | E45: Renal table outdated | F45: Replace whole renal table with FDA Table 2/TW 表5 incl. HD and CAPD rows; remove 1 g q6h | G45: CrCl >60 'usual' regimens: 1g Q12H | 2g Q12H | 1g Q6H | 2g Q8H. 30-60: 1g Q24H | 1g Q12H | 1g Q8H | 2g Q12H. 11-29: 500mg Q24H | 1g Q24H | 1g Q12H | 1g Q12H or 2g Q24H. An unlabeled fourth row: 250mg Q24H | 500mg Q24H | 1g Q24H | 1g Q24H. No HD or CAPD rows. | H45: FDA Table 2 usual regimens are 500 mg q12h | 1 g q12h | 2 g q12h | 2 g q8h; there is no 1 g q6h. 30-60: 500 mg q24h | 1 g q24h | 2 g q24h | 2 g q12h. 11-29: 500 mg q24h | 500 mg q24h | 1 g q24h | 2 g q24h. <11: 250 mg | 250 mg | 500 mg | 1 g q24h. CAPD: usual dose q48h. HD: 1 g day 1 then 500 mg q24h (FN 1 g q24h), after dialysis. The stocked Antifect insert (表5) gives the same doses with bands >50 / 30-50 / 11-29 / ≤10, plus HD 1 g → 0.5 g q24h and CAPD q48h. | I45: US FDA label §2.3 Table 2 — https://dailymed.nlm.nih.gov/dailymed/drugInfo.cfm?setid=de477f37-40f6-4295-ae72-a2ee36a8922e ; Taiwan Antifect insert §3.3 表5 — https://mcp.fda.gov.tw/im_detail_1/%E8%A1%9B%E7%BD%B2%E8%97%A5%E8%A3%BD%E5%AD%97%E7%AC%AC047983%E8%99%9F | J45: Open
A46: 1367 | B46: Baraclude / Envir (Entecavir) (BAR03, ENV01, ENV02) | C46: High | D46: Contraindication/warning | E46: Missing boxed warning | F46: Add boxed warnings: HBV flare on stopping, HIV resistance in co-infection, lactic acidosis/hepatomegaly. | G46: Only 'Headache, fatigue, dizziness, nausea'. The boxed warnings (post-treatment flare, HIV/HBV co-infection, lactic acidosis/hepatomegaly) are not shown. ENV01 lists lactic acidosis, hepatomegaly with steatosis and recurrent hepatitis. | H46: The US and TW inserts carry a boxed warning (特殊警語) for severe acute HBV exacerbation after stopping, HIV NRTI resistance in untreated HIV/HBV co-infection, and lactic acidosis with severe hepatomegaly with steatosis. These should appear on all three pages. | I46: US FDA label boxed warning; TW Baraclude 特殊警語 https://mcp.fda.gov.tw/im_detail_1/%E8%A1%9B%E7%BD%B2%E8%97%A5%E8%BC%B8%E5%AD%97%E7%AC%AC024469%E8%99%9F | J46: Open
A47: 1361 | B47: Baraclude / Envir (Entecavir) (BAR03, ENV01, ENV02) | C47: High | D47: Dosing – renal/dialysis | F47: Replace '10% daily' with tablet-feasible 0.5/1 mg every 7 days after HD; note solution not stocked. | G47: 'Hemodialysis, Peritoneal dialysis: Not significantly dialyzed; Administer 10% of usual indication-specific dose daily'; 'CRRT, PIRRT: Drug clearance is dependent on the effluent flow rate…' (no dose) | H47: The label puts HD/CAPD in the <10 band: 0.05 mg (or 0.1 mg) QD, which needs the oral solution the hospital does not stock, or 0.5 mg (1 mg) every 7 days, given after HD on dialysis days. A 4-h HD session removes ~13% of a dose. The '10% daily' option cannot be given with the hospital's tablets, and the page does not say so. No label gives a CRRT dose. | I47: US FDA label §2.4, §10; TW Baraclude §11 | J47: Open
A48: 1371 | B48: Baraclude / Envir (Entecavir) (BAR03, ENV01, ENV02) | C48: High | D48: Dosing – renal/dialysis | F48: Add dose after HD on dialysis days; give label options 0.05/0.1 mg QD or 0.5/1 mg weekly. | G48: 'Hemodialysis, Peritoneal dialysis: Not significantly dialyzed; Administer 10% of usual dose daily'. No instruction to dose after HD. | H48: A 4-h HD session removes ~13% of a dose (CAPD ~0.3%/7 days). On HD days give the dose after HD (US/TW footnote b). The label options are 0.05/0.1 mg QD (oral solution) or 0.5/1 mg every 7 days. | I48: US FDA label §2.4 Table 2 footnote b, §12.3 https://dailymed.nlm.nih.gov/dailymed/drugInfo.cfm?setid=d59e9ea4-09ea-47bd-af2f-39f7a2e2aceb | J48: Open
A49: 620 | B49: Bicillin (Penicillin G benzathine) (PEN11, BIC02) | C49: High | D49: Dosing – adult | F49: Complete truncated syphilis line: 2.4 MU IM single dose | G49: Syphilis: 1. Primary, Secondary, Early Latent ( [the line is cut off and no dose is shown] | H49: Primary, secondary and early latent syphilis: 2.4 MU IM as a single dose. | I49: TW 仿單 §3.1 ('第一期、第二期及潛伏期—2,400,000單位（1劑）'); UK SmPC §4.2 – https://www.medicines.org.uk/emc/product/11043/smpc | J49: Open
A50: 628 | B50: Bicillin (Penicillin G benzathine) (PEN11, BIC02) | C50: High | D50: Dosing – adult | F50: Complete truncated syphilis dose: 2.4 MU IM single dose | G50: 'Syphilis: 1. Primary, Secondary, Early Latent (' (text cut off; no dose shown) | H50: Primary, secondary and latent syphilis: 2,400,000 U IM as one dose. | I50: Taiwan insert 3.1 https://mcp.fda.gov.tw/im_detail_1/%E8%A1%9B%E9%83%A8%E8%97%A5%E8%BC%B8%E5%AD%97%E7%AC%AC026966%E8%99%9F | J50: Open
A51: 619 | B51: Bicillin (Penicillin G benzathine) (PEN11, BIC02) | C51: High | D51: Dosing – pediatric | E51: Missing boxed warning | F51: Replace aqueous PCN G regimen with IM-only benzathine doses; add NOT FOR IV boxed warning | G51: General dosing, susceptible infection (non-CNS): Infants, Children, and Adolescents: IM, IV: 100,000 to 300,000 units/kg/day in divided doses every 4 to 6 hours; maximum daily dose: 24 million units/day. | H51: That is the aqueous (crystalline) penicillin G regimen. Benzathine penicillin G is deep IM only, with a boxed warning: 'NOT FOR INTRAVENOUS USE… cardiorespiratory arrest and death'. Pediatric doses are single IM doses: strep URI 0.6 MU for ≤27 kg and 1.2 MU for >27 kg (TW), or congenital syphilis 50,000 U/kg (US). SAFETY ERROR: the field must be corrected. | I51: TW 仿單 特殊警語 and §3.1 – https://mcp.fda.gov.tw/im_detail_1/%E8%A1%9B%E9%83%A8%E8%97%A5%E8%BC%B8%E5%AD%97%E7%AC%AC026966%E8%99%9F ; US label boxed WARNING and DOSAGE AND ADMINISTRATION – https://dailymed.nlm.nih.gov/dailymed/drugInfo.cfm?setid=012d46f1-d0a0-4676-a879-cd320297ab16 | J51: Open
A52: 627 | B52: Bicillin (Penicillin G benzathine) (PEN11, BIC02) | C52: High | D52: Dosing – pediatric | E52: Missing boxed warning | F52: Remove IV aqueous regimen; use IM single doses (0.6/1.2 MU; 50,000 U/kg); add boxed warning | G52: 'Infants, Children, and Adolescents: IM, IV: 100,000 to 300,000 units/kg/day in divided doses every 4 to 6 hours; maximum daily dose: 24 million units/day' | H52: Penicillin G benzathine is for deep IM injection only. Boxed warning: 'NOT FOR INTRAVENOUS USE … cardiorespiratory arrest and death.' Pediatric doses are single IM injections: ≤27 kg 0.6 MU, >27 kg 1.2 MU (Taiwan insert), or 50,000 U/kg for syphilis. The hospital text is the aqueous penicillin G regimen. SAFETY ERROR. | I52: Taiwan insert 特殊警語 and 3.1 https://mcp.fda.gov.tw/im_detail_1/%E8%A1%9B%E9%83%A8%E8%97%A5%E8%BC%B8%E5%AD%97%E7%AC%AC026966%E8%99%9F; DailyMed boxed WARNING https://dailymed.nlm.nih.gov/dailymed/drugInfo.cfm?setid=012d46f1-d0a0-4676-a879-cd320297ab16 | J52: Open
A53: 1218 | B53: Biktarvy (Bictegravir/Emtricitabine/TAF) (BIK01, BIK02) | C53: High | D53: Contraindication/warning | E53: Missing boxed warning | F53: Add boxed warning for post-treatment HBV exacerbation and HBV testing before initiation. | G53: No mention anywhere of the boxed warning (post-treatment acute HBV exacerbation) or of HBV testing before starting; the 注意事項 field is empty. | H53: Both the Taiwan insert (特殊警語) and the US label carry the boxed warning 'post-treatment acute exacerbation of hepatitis B' and require HBV testing before or at initiation. | I53: Taiwan insert 特殊警語 and §3.1.1 https://mcp.fda.gov.tw/im_detail_1/%E8%A1%9B%E9%83%A8%E8%97%A5%E8%BC%B8%E5%AD%97%E7%AC%AC027570%E8%99%9F; US FDA label Boxed Warning, §2.1 https://dailymed.nlm.nih.gov/dailymed/drugInfo.cfm?setid=664cb8f0-1f65-441b-b0d9-ba3d798be309 | J53: Open
A54: 1214 | B54: Biktarvy (Bictegravir/Emtricitabine/TAF) (BIK01, BIK02) | C54: High | D54: Dosing – hepatic | F54: Fix swapped Child-Pugh classes: A/B no adjustment; C not recommended. | G54: 1. Mild to moderate impairment (Child-Pugh class C): Not recommended (has not been studied); 2. Severe impairment (Child-Pugh class A, B): No dosage adjustments necessary | H54: Child-Pugh A (mild) and B (moderate): no dose adjustment. Child-Pugh C (severe): not recommended (not studied). The hospital has the Child-Pugh classes swapped, which could stop the drug in mild/moderate disease or allow it in severe disease. | I54: Taiwan insert §6.6 / §3.3.3 https://mcp.fda.gov.tw/im_detail_1/%E8%A1%9B%E9%83%A8%E8%97%A5%E8%BC%B8%E5%AD%97%E7%AC%AC027570%E8%99%9F; US FDA label §8.7 https://dailymed.nlm.nih.gov/dailymed/drugInfo.cfm?setid=664cb8f0-1f65-441b-b0d9-ba3d798be309 | J54: Open
A55: 1222 | B55: Biktarvy (Bictegravir/Emtricitabine/TAF) (BIK01, BIK02) | C55: High | D55: Dosing – hepatic | F55: Correct swapped Child-Pugh classes: A/B no adjustment, C not recommended. | G55: 1. Mild to moderate impairment (Child-Pugh class C): Not recommended (has not been studied) 2. Severe impairment (Child-Pugh class A, B): No dosage adjustments necessary | H55: Mild (Child-Pugh A) or moderate (Child-Pugh B): no dose adjustment. Severe (Child-Pugh C): not recommended (not studied). | I55: Taiwan 仿單 v4 §6.6 / US label §8.7 / UK SmPC 4.2: https://mcp.fda.gov.tw/im_detail_1/%E8%A1%9B%E9%83%A8%E8%97%A5%E8%BC%B8%E5%AD%97%E7%AC%AC027570%E8%99%9F | J55: Open
A56: 659 | B56: Bobimixyn (Polymyxin B) (BOB01) | C56: High | D56: Contraindication/warning | F56: Add myasthenia gravis contraindication (TW insert §4) | G56: Hypersensitivity to polymyxin B or any component of the formulation | H56: The Taiwan insert also contraindicates use in patients with myasthenia gravis ('曾對多黏菌素類抗生素產生嚴重過敏反應者與重症肌無力病人，不得使用本藥品'). | I56: TW insert 4 禁忌 — https://mcp.fda.gov.tw/im_detail_1/%E8%A1%9B%E9%83%A8%E8%97%A5%E8%A3%BD%E5%AD%97%E7%AC%AC061557%E8%99%9F | J56: Open
A57: 670 | B57: Bobimixyn (Polymyxin B) (BOB01) | C57: High | D57: Contraindication/warning | F57: Add myasthenia gravis contraindication (TW §4) | G57: Hypersensitivity to polymyxin B or any component only | H57: TW §4 also contraindicates myasthenia gravis (重症肌無力病人，不得使用本藥品). | I57: Taiwan insert §4 禁忌 | J57: Open
A58: 658 | B58: Bobimixyn (Polymyxin B) (BOB01) | C58: High | D58: Dosing – adult | F58: Mark loading/30,000 U/kg/day regimen as consensus off-label; state label max 25,000 U/kg/day | G58: LD 20,000–25,000 units/kg, then 12,500–15,000 units/kg q12h; 'pharmacokinetic data do not support routine dose capping' | H58: The Taiwan insert and US label both give 15,000–25,000 units/kg/day q12h with a maximum of 25,000 units/kg/day. The hospital's maintenance dose (25,000–30,000 units/kg/day) plus the loading dose goes above the label maximum. These are consensus values (R15/R16) and are not marked as off-label. | I58: TW insert 3.1; US label Adults and children; Tsuji 2019 R15/R16 | J58: Open
A59: 667 | B59: Bobimixyn (Polymyxin B) (BOB01) | C59: High | D59: Dosing – adult | F59: Label dose 15,000-25,000 U/kg/day (max 25,000); mark consensus loading/higher doses as off-label | G59: LD 20,000–25,000 units/kg, then 12,500–15,000 units/kg q12h (25,000–30,000 units/kg/day); no routine dose cap | H59: TW §3.1 and US label: 15,000–25,000 units/kg/day q12h, 'maximum 25,000 units/kg/day'. Neither label has a loading dose. The hospital regimen is the 2019 consensus (R15–R16) and is above the label maximum, but the hospital page does not say it is off-label. | I59: Taiwan insert §3.1 (URL above); US label Dosage https://dailymed.nlm.nih.gov/dailymed/drugInfo.cfm?setid=b56f18c0-ef5e-4ed9-a5af-f79f3cd189b6 | J59: Open
A60: 660 | B60: Bobimixyn (Polymyxin B) (BOB01) | C60: High | D60: Dosing – pediatric | F60: Replace pediatric regimen with US label 15,000-25,000 U/kg/day; note TW adults only | G60: Pediatric IV regimen: LD 25,000 units/kg; maintenance 25,000–30,000 units/kg/day divided q12h | H60: The Taiwan insert indication covers adults only, and section 6.4 has no paediatric information. The US label gives 15,000–25,000 units/kg/day IV (maximum 25,000) for children and up to 40,000 units/kg/day for infants, with no loading dose. The hospital regimen is not from either label. | I60: TW insert 2, 6.4; US label Adults and children / Infants | J60: Open
A61: 671 | B61: Bobimixyn (Polymyxin B) (BOB01) | C61: High | D61: Dosing – pediatric | F61: Mark adult-only (TW); align peds to US 15,000–25,000 U/kg/day (infants ≤40,000), remove loading dose | G61: Infants/children/adolescents: LD 25,000 units/kg; 25,000–30,000 units/kg/day ÷ q12h (range 15,000–40,000) | H61: TW insert: the indication is for adults only (§2), with no pediatric information (§6.4). The US label gives 15,000–25,000 units/kg/day (max 25,000) for children and up to 40,000 units/kg/day for infants, with no loading dose. The hospital's 25,000–30,000 units/kg/day for children is above the US maximum. | I61: Taiwan insert §2, §6.4; US label Dosage (Adults and children; Infants) | J61: Open
A62: 656 | B62: Bobimixyn (Polymyxin B) (BOB01) | C62: High | D62: Dosing – renal/dialysis | F62: Replace 'no adjustment' with label: adjust dose by renal function, monitor closely (TW 3.3/6.7, US) | G62: No dosage adjustment is necessary for any degree of kidney dysfunction | H62: The Taiwan insert for this product gives no adjustment only for CrCl 60–89. For CrCl 15–59 and ESRD it says to choose the dose carefully by renal function within 15,000–25,000 units/kg/day (3.3), and section 6.7 says the dose needs adjusting with more frequent renal monitoring. The US label says to reduce from 15,000 units/kg downward. The hospital's wording follows the 2019 consensus (R17), not the label. | I62: TW insert 3.3, 6.7 — https://mcp.fda.gov.tw/im_detail_1/%E8%A1%9B%E9%83%A8%E8%97%A5%E8%A3%BD%E5%AD%97%E7%AC%AC061557%E8%99%9F; US label (Adults and children) — https://dailymed.nlm.nih.gov/dailymed/drugInfo.cfm?setid=b56f18c0-ef5e-4ed9-a5af-f79f3cd189b6 | J62: Open
A63: 668 | B63: Bobimixyn (Polymyxin B) (BOB01) | C63: High | D63: Dosing – renal/dialysis | F63: Replace 'no adjustment' with label renal dose-adjustment and monitoring advice | G63: No dosage adjustment for any degree of kidney dysfunction | H63: TW §3.3: CLcr 15–59 and ESRD keep 15,000–25,000 units/kg/day but '宜考量病患腎功能謹慎選擇劑量'. TW §6.7 says the dose needs adjusting and renal function needs closer monitoring. US label: reduce from 15,000 units/kg downward. Only the 2019 consensus (R17) says no adjustment. | I63: Taiwan insert §3.3, §6.7; US label Boxed WARNING/Dosage | J63: Open
A64: 271 | B64: Brosym (cefoperazone-sulbactam) (BRO04, BUR01) | C64: High | D64: Administration/compatibility | F64: Remove IM; IV push ≥3 min or IV infusion only per TW insert | G64: (IV, IM) The total adult daily dose is 1g/1g to 2g/2g… | H64: IV push (≥3 min) or IV infusion only: '只限靜脈注射，不可皮下及肌肉注射' | I64: Brosym TW insert §3.1 & §15(3) — https://mcp.fda.gov.tw/im_detail_1/%E8%A1%9B%E9%83%A8%E8%97%A5%E8%A3%BD%E5%AD%97%E7%AC%AC058156%E8%99%9F | J64: Open
A65: 278 | B65: Brosym (cefoperazone-sulbactam) (BRO04, BUR01) | C65: High | D65: Administration/compatibility | F65: Remove IM route; IV only (push ≥3 min or infusion) | G65: Usual dose: (IV, IM) | H65: IV push (≥3 min) or IV infusion only; '只限靜脈注射，不可皮下及肌肉注射' | I65: TFDA insert Brosym §3.1, §15 其他 (3) | J65: Open
A66: 275 | B66: Brosym (cefoperazone-sulbactam) (BRO04, BUR01) | C66: High | D66: Drug interaction | E66: Interaction list incomplete | F66: Add disulfiram-like reaction: avoid alcohol during and ≥1 week after therapy | G66: Neither page mentions alcohol or a disulfiram-like reaction (grep for 酒/alcohol/disulfiram found 0 hits on either page). | H66: A disulfiram-like reaction with alcohol (N-MTT) is possible. No alcohol during treatment and for at least 1 week afterwards. | I66: Brosym TW insert §7 交互作用 — https://mcp.fda.gov.tw/im_detail_1/%E8%A1%9B%E9%83%A8%E8%97%A5%E8%A3%BD%E5%AD%97%E7%AC%AC058156%E8%99%9F | J66: Open
A67: 282 | B67: Brosym (cefoperazone-sulbactam) (BRO04, BUR01) | C67: High | D67: Drug interaction | E67: Interaction list incomplete | F67: Add disulfiram-like alcohol reaction (avoid ≥1 week after) and furosemide nephrotoxicity | G67: No mention of alcohol or the disulfiram-like reaction (text search for alcohol, disulfiram and 酒 found nothing on either page) | H67: TW 仿單 §7: disulfiram-like reaction (N-MTT); no alcohol during treatment and for at least 1 week after. Furosemide may increase nephrotoxicity. | I67: TFDA insert Brosym §7 交互作用; Burotam PDF §7 https://mcp.fda.gov.tw/insert/pdfcasefile/i_ae59ce8f-6bf8-4727-adf2-f5f34e067be1 | J67: Open
A68: 270 | B68: Brosym (cefoperazone-sulbactam) (BRO04, BUR01) | C68: High | D68: Pharmacokinetics/other | F68: Correct 2 g vial strength: cefoperazone 1 g + sulbactam 1 g | G68: powder for reconstitution: cefoperazone sodium 0.5 g and sulbactam sodium 0.5 g (on the 2 g/vial product pages) | H68: The 2 g vial contains cefoperazone sodium 1000 mg and sulbactam sodium 1000 mg. The 0.5 g/0.5 g strength is the 1 g vial. | I68: Brosym TW insert §1.1 — https://mcp.fda.gov.tw/im_detail_1/%E8%A1%9B%E9%83%A8%E8%97%A5%E8%A3%BD%E5%AD%97%E7%AC%AC058156%E8%99%9F; Burotam TW insert §1.1 — https://mcp.fda.gov.tw/im_detail_1/%E8%A1%9B%E9%83%A8%E8%97%A5%E8%A3%BD%E5%AD%97%E7%AC%AC061039%E8%99%9F | J68: Open
A69: 277 | B69: Brosym (cefoperazone-sulbactam) (BRO04, BUR01) | C69: High | D69: Pharmacokinetics/other | F69: Correct 2 g vial strength to cefoperazone 1 g + sulbactam 1 g | G69: powder for reconstitution: cefoperazone sodium 0.5 g and sulbactam sodium 0.5 g (product listed as 2 g/Vial) | H69: 2 g vial = cefoperazone sodium 1000 mg + sulbactam sodium 1000 mg; 0.5 g/0.5 g is the 1 g vial | I69: TFDA insert Brosym §1.1 https://mcp.fda.gov.tw/im_detail_1/%E8%A1%9B%E9%83%A8%E8%97%A5%E8%A3%BD%E5%AD%97%E7%AC%AC058156%E8%99%9F ; Burotam §1.1 https://mcp.fda.gov.tw/im_detail_1/%E8%A1%9B%E9%83%A8%E8%97%A5%E8%A3%BD%E5%AD%97%E7%AC%AC061039%E8%99%9F | J69: Open
A70: 466 | B70: Cefa (Cefazolin) (CEF01) | C70: High | D70: Dosing – pediatric | F70: Label max 100 mg/kg/day; cite guideline source for 150 mg/kg/day or remove | G70: 25–100 mg/kg/day q8h; up to 150 mg/kg/day for serious infection | H70: Label maximum is 100 mg/kg/day in 3–4 doses (US) or 2–4 doses (UK); TW gives 20–50 mg/kg/day. 150 mg/kg/day is off-label and needs a guideline source. | I70: US FDA label Pediatric Dosage – https://dailymed.nlm.nih.gov/dailymed/drugInfo.cfm?setid=922fb1a1-ad4c-4a12-8d5d-00fe13af18e8; UK SmPC §4.2 – https://www.medicines.org.uk/emc/product/102464/smpc | J70: Open
A71: 473 | B71: Cefa (Cefazolin) (CEF01) | C71: High | D71: Dosing – pediatric | F71: Peds: 25–50 mg/kg/day, max 100 mg/kg/day; add neonatal restriction and pediatric renal table | G71: 25-100 mg/kg/day divided q8h; serious infection up to 150 mg/kg/day q6-8h, not to exceed 12 g/day; usual max 2 g/dose | H71: Labels: 25-50 mg/kg/day in 3-4 doses (UK 2-4), up to 100 mg/kg/day for severe infection. No label supports 150 mg/kg/day. The neonatal (<1 month) restriction and the pediatric renal table are missing. | I71: US PLR §2.2 Table 2, §2.4 Table 5, §8.4; UK SmPC §4.2; TW 仿單 §5.1 小兒使用 | J71: Open
A72: 462 | B72: Cefa (Cefazolin) (CEF01) | C72: High | D72: Dosing – renal/dialysis | E72: Renal table outdated | F72: CrCl <10: give loading dose, then half usual dose q18–24h (US/UK) | G72: 0.5–1 g q24h | H72: Half the usual dose every 18–24 h, after a loading dose (US and UK). With a 1 g usual dose, 1 g q24h is not a half dose; the hospital gives a fixed q24h interval instead of q18–24h, and no loading dose is mentioned anywhere in the renal field. | I72: US FDA label DOSAGE AND ADMINISTRATION renal adjustment – https://dailymed.nlm.nih.gov/dailymed/drugInfo.cfm?setid=922fb1a1-ad4c-4a12-8d5d-00fe13af18e8; UK SmPC §4.2 – https://www.medicines.org.uk/emc/product/102464/smpc | J72: Open
A73: 464 | B73: Cefa (Cefazolin) (CEF01) | C73: High | D73: Dosing – renal/dialysis | E73: Renal table outdated | F73: Express renal table as fractions of usual dose so 2 g q8h regimens scale (e.g. 1 g q12h at CrCl 11–34) | G73: Renal table based on 1 g doses (CrCl >55: 1 g q6–8h), while most treatment regimens use 2 g IV q8h | H73: The labels express renal dosing as a fraction of the usual dose (full, then ½ dose), so the table should scale from whatever dose is used. A patient on 2 g q8h with CrCl 11–34 would need 1 g q12h by label; the hospital table gives 0.5–1 g q12h. The tables do not line up. | I73: US FDA label renal adjustment – https://dailymed.nlm.nih.gov/dailymed/drugInfo.cfm?setid=922fb1a1-ad4c-4a12-8d5d-00fe13af18e8 | J73: Open
A74: 470 | B74: Cefa (Cefazolin) (CEF01) | C74: High | D74: Dosing – renal/dialysis | E74: Renal table outdated | F74: State loading dose; base reductions on usual dose (incl. 2 g q8h), not fixed 1 g | G74: ClCr >55: 1 g Q6-8H, and all reduced bands are expressed from a 1 g base | H74: CrCl ≥55: full usual dose (US Table 1 up to 1-1.5 g q6h; guideline MSSA 2 g q8h). Reductions are fractions of the usual dose, given after a loading dose. The fixed 1 g base conflicts with the 2 g q8h the same page uses for treatment, and there is no loading-dose statement. | I74: US FDA PLR label §2.1 Table 1, §2.4 Table 4 – https://dailymed.nlm.nih.gov/dailymed/drugInfo.cfm?setid=1367568c-7d27-479f-a4c5-58e99942f686; UK SmPC §4.2 – https://www.medicines.org.uk/emc/product/102464/smpc | J74: Open
A75: 472 | B75: Cefa (Cefazolin) (CEF01) | C75: High | D75: Dosing – renal/dialysis | E75: Renal table outdated | F75: Fix truncated CrCl ≤10 band: loading dose then half dose q18–24h; add HD/PD/CRRT guidance | G75: 0.5-1 gm Q24H (page text is truncated after 'ClCr') | H75: Half of the usual dose every 18-24 h, after a loading dose. There is also no HD, PD or CRRT guidance. | I75: US PLR Table 4; UK SmPC §4.2 | J75: Open
A76: 293 | B76: Cefin (Ceftriaxone) (CEF10) | C76: High | D76: Administration/compatibility | F76: Verify against full 仿單; if IV-only product, remove IM route for CEF10 | G76: IV, IVF and IM are all listed for CEF10 (Cefin 2 g). | H76: The stocked product is registered as 舒復靜脈注射劑, 'Cefin for IV injection'. The 仿單 使用方法 section, as transcribed, describes only IV injection over 2–4 min and IV infusion over at least 30 min. IM use with a lidocaine diluent is described in the FDA and UK labels for other products. This needs checking against the full 仿單 PDF, because the transcription is partial. | I76: Cefin 仿單 title and 2.2 使用方法 https://mcp.fda.gov.tw/insert/pdfcasefile/i_e5d33886-d20a-423d-9bc2-14ea9861a989 | J76: Open
A77: 286 | B77: Cefin (Ceftriaxone) (CEF10) | C77: High | D77: Contraindication/warning | E77: Missing boxed warning | F77: Add contraindications: neonates ≤28 d needing IV calcium/TPN, premature neonates to PMA 41 wk, IV lidocaine diluent | G77: Hypersensitivity to ceftriaxone/cephalosporins; do not use in hyperbilirubinemic neonates | H77: The labels also contraindicate: neonates ≤28 days who need (or are expected to need) IV calcium, including TPN; premature neonates up to postmenstrual age 41 weeks (FDA, SmPC); IV use of lidocaine-containing solutions (FDA, SmPC); and, in the SmPC, severe hypersensitivity to any beta-lactam. The TW insert has a boxed calcium warning. | I77: US FDA CONTRAINDICATIONS https://dailymed.nlm.nih.gov/dailymed/drugInfo.cfm?setid=8351aa37-552d-471d-b293-c564dcb6ec29 ; UK SmPC 4.3 https://www.medicines.org.uk/emc/product/15077/smpc ; TW insert 2.3 | J77: Open
A78: 294 | B78: Cefin (Ceftriaxone) (CEF10) | C78: High | D78: Contraindication/warning | E78: Missing boxed warning | F78: Add premature neonate and neonatal IV-calcium contraindications; severe beta-lactam allergy | G78: Hypersensitivity to ceftriaxone or other cephalosporins; do not use in hyperbilirubinemic neonates. | H78: All three labels also contraindicate premature neonates (FDA/SmPC: up to PMA 41 weeks; 仿單: 早產兒). They also contraindicate neonates ≤28 days who need or are expected to need IV calcium, including TPN. The site shows the calcium rule only as a mixing alert. The SmPC also contraindicates use after a severe hypersensitivity reaction to any other β-lactam. | I78: FDA CONTRAINDICATIONS; SmPC 4.3; 仿單 2.3 | J78: Open
A79: 314 | B79: Cefmore (Cefoxitin) (CEF08) | C79: High | D79: Administration/compatibility | F79: Replace 2.2 mL (IM, 1 g) with IV reconstitution for stocked 2 g vial (10–20 mL per US label) | G79: 1g 裝小瓶（Vial）加 2.2ml的溶劑 (the stocked item is the 2 g vial) | H79: The TW insert gives no reconstitution volume. The US label constitutes 1 g with at least 10 mL and 2 g with 10 or 20 mL for IV use. Neither source supports 2.2 mL, which looks like IM reconstitution taken from another product, and it describes the 1 g vial although the 2 g vial is stocked. | I79: US FDA label Table 3 / Preparation of Solution; Taiwan insert (no reconstitution section) | J79: Open
A80: 300 | B80: Cefmore (Cefoxitin) (CEF08) | C80: High | D80: Dosing – adult | F80: Severe infection: 1 g q4h or 2 g q6–8h; reserve 2 g q4h/3 g q6h for e.g. gas gangrene | G80: In severe infections: 2 g IV Q4H or 3 g IV Q6H | H80: Moderately severe or severe infections: 1 g q4h or 2 g q6-8h (6-8 g/day). 2 g q4h or 3 g q6h (12 g/day) is the tier for infections needing higher doses, e.g. gas gangrene. | I80: Taiwan 仿單 §3.1 table; US FDA label Table 1 – https://dailymed.nlm.nih.gov/dailymed/drugInfo.cfm?setid=658a0dc6-6da5-44dc-94f2-1211619297f7 | J80: Open
A81: 308 | B81: Cefmore (Cefoxitin) (CEF08) | C81: High | D81: Dosing – adult | F81: Severe: 1 g q4h or 2 g q6–8h; 12 g/day tier only for higher-dose infections | G81: In severe infections: 2 g IV Q4H or 3 g IV Q6H | H81: Moderately severe/severe: 1 g q4h or 2 g q6-8h (6-8 g/day). 2 g q4h or 3 g q6h (12 g/day) is the tier for infections needing higher doses, e.g., gas gangrene. | I81: Taiwan insert §3.1 table; US FDA label Table 1 | J81: Open
A82: 301 | B82: Cefmore (Cefoxitin) (CEF08) | C82: High | D82: Dosing – renal/dialysis | E82: Renal table outdated | F82: Add 1–2 g loading dose, CrCl <5 band 0.5–1 g q24–48h, HD loading after each session; escape '<' | G82: Four rows. Row 4 is truncated on the web page and reads only 'ClCr', so the <5 mL/min band is not shown (probably an HTML '<' rendering bug). No loading dose and no haemodialysis instruction. | H82: Loading dose 1-2 g. CrCl <5: 0.5-1 g q24-48h. HD: give the 1-2 g loading dose after each dialysis, then maintenance per table. | I82: US FDA label D&A + Table 2; Taiwan 仿單 §3.3 | J82: Open
A83: 310 | B83: Cefmore (Cefoxitin) (CEF08) | C83: High | D83: Dosing – renal/dialysis | E83: Renal table outdated | F83: Add loading dose, HD post-session dose, and CrCl <5 band; fix '<' rendering | G83: 4 CrCl bands only. No loading dose and no hemodialysis guidance. The 4th line is stored as raw 'ClCr <5 mL/minute' with an unescaped '<', so a browser can drop it (the HTML-to-text view showed only '4. ClCr'). | H83: Loading 1-2 g, then maintenance per table. On hemodialysis, give the 1-2 g loading dose after each session. CrCl <5: 0.5-1 g q24-48h. | I83: US FDA label DOSAGE AND ADMINISTRATION (loading dose, hemodialysis, Table 2); Taiwan insert §3.3 | J83: Open
A84: 483 | B84: Cephalexin (CEP02, ULE02) | C84: High | D84: Dosing – pediatric | F84: Restore truncated otitis media dose: 75–100 mg/kg/day divided q6h | G84: 'Acute otitis media: (Children >1 year and Adolescents' and then stops. The dose text is missing (same '<' truncation defect). | H84: Otitis media: 75–100 mg/kg/day in equally divided doses (q6h) | I84: US FDA label §2.2 https://dailymed.nlm.nih.gov/dailymed/drugInfo.cfm?setid=8e28f049-6110-4473-830f-c494191a7197 | J84: Open
A85: 479 | B85: Cephalexin (CEP02, ULE02) | C85: High | D85: Dosing – renal/dialysis | E85: Renal table outdated | F85: Add CrCl 30–59 cap: max 1 g/day (US label) | G85: CrCl ≥30 mL/min: No dosage adjustment necessary | H85: CrCl 30–59: no adjustment, but the maximum daily dose should not exceed 1 g. The hospital's own 500 mg QID cellulitis regimen (2 g/day) would exceed this. | I85: US FDA label §2.3 Table 1 https://dailymed.nlm.nih.gov/dailymed/drugInfo.cfm?setid=8e28f049-6110-4473-830f-c494191a7197 | J85: Open
A86: 480 | B86: Cephalexin (CEP02, ULE02) | C86: High | D86: Dosing – renal/dialysis | E86: Renal table outdated | F86: CrCl 15–29: 250 mg q8–12h (not up to 500 mg) per US label | G86: CrCl 15-30: 250 to 500 mg every 8 to 12 hours | H86: CrCl 15–29: 250 mg every 8 or 12 hours (the US label maximum is half the hospital's upper value) | I86: US FDA label §2.3 Table 1 https://dailymed.nlm.nih.gov/dailymed/drugInfo.cfm?setid=8e28f049-6110-4473-830f-c494191a7197 | J86: Open
A87: 481 | B87: Cephalexin (CEP02, ULE02) | C87: High | D87: Dosing – renal/dialysis | E87: Renal table outdated | F87: Restore truncated <15 band: CrCl 5–14 250 mg q24h; CrCl 1–4 250 mg q48–60h | G87: Line reads '3. CrCl ' and then stops. The '<15' threshold and its dose are lost (rendering/encoding defect). | H87: CrCl 5–14 not on dialysis: 250 mg q24h; CrCl 1–4 not on dialysis: 250 mg q48–60h | I87: US FDA label §2.3 Table 1 https://dailymed.nlm.nih.gov/dailymed/drugInfo.cfm?setid=8e28f049-6110-4473-830f-c494191a7197 | J87: Open
A88: 482 | B88: Cephalexin (CEP02, ULE02) | C88: High | D88: Dosing – renal/dialysis | E88: Renal table outdated | F88: HD/PD: cap at 500 mg/day (UK); note US has insufficient data | G88: HD: 250 to 500 mg every 12 to 24 hours, after HD; PD: 250 to 500 mg every 12 to 24 hours (up to 1 g/day) | H88: US: insufficient information to recommend an HD dose. UK SmPC 4.4: if dialysis is required, the daily dose should not exceed 500 mg. The hospital's upper value (1 g/day) is twice the UK maximum. | I88: US FDA label §2.3 footnote https://dailymed.nlm.nih.gov/dailymed/drugInfo.cfm?setid=8e28f049-6110-4473-830f-c494191a7197 ; UK SmPC §4.4 https://www.medicines.org.uk/emc/product/9144/smpc | J88: Open
A89: 486 | B89: Cephalexin (CEP02, ULE02) | C89: High | D89: Dosing – renal/dialysis | E89: Renal table outdated | F89: Populate ULE02 renal field with CrCl tiers; note no hepatic adjustment | G89: 腎功能調整劑量 and 肝功能調整劑量 are empty | H89: Renal dosing exists: Ulexin insert 6.7 (lower safe dose in significant impairment) and the US Table 1 CrCl tiers. Hepatic: no label adjustment. | I89: TW insert Ulexin §6.7 https://mcp.fda.gov.tw/im_detail_1/衛署藥製字第017280號 ; US FDA label §2.3 https://dailymed.nlm.nih.gov/dailymed/drugInfo.cfm?setid=8e28f049-6110-4473-830f-c494191a7197 | J89: Open
A90: 493 | B90: Cephalexin (CEP02, ULE02) | C90: High | D90: Dosing – renal/dialysis | E90: Renal table outdated | F90: Add max 1 g/day cap for CrCl 30–59 | G90: 'CrCl ≥30 mL/minute: No dosage adjustment necessary.' | H90: For CrCl 30–59 the US label gives no adjustment but a maximum of 1 g/day. The hospital text leaves out this cap. | I90: US FDA label 2.3 Table 1 — https://dailymed.nlm.nih.gov/dailymed/drugInfo.cfm?setid=8e28f049-6110-4473-830f-c494191a7197 | J90: Open
A91: 494 | B91: Cephalexin (CEP02, ULE02) | C91: High | D91: Dosing – renal/dialysis | E91: Renal table outdated | F91: CrCl 15–29: 250 mg q8h or q12h; remove 500 mg/dose | G91: 'CrCl 15-30 mL/minute: 250 to 500 mg every 8 to 12 hours.' | H91: US label: CrCl 15–29 → 250 mg q8h or q12h. 500 mg per dose is above the label. | I91: US FDA label 2.3 Table 1 — https://dailymed.nlm.nih.gov/dailymed/drugInfo.cfm?setid=8e28f049-6110-4473-830f-c494191a7197 | J91: Open
A92: 495 | B92: Cephalexin (CEP02, ULE02) | C92: High | D92: Dosing – renal/dialysis | E92: Renal table outdated | F92: Fix garbled <15 tier: CrCl 5–14 250 mg q24h; 1–4 250 mg q48–60h | G92: Garbled line '3. CrCl Hemodialysis, intermittent…': the '<15' threshold and its dose are missing. | H92: US label: CrCl 5–14 (not on dialysis) 250 mg q24h; CrCl 1–4 250 mg q48–60h. | I92: US FDA label 2.3 Table 1 — https://dailymed.nlm.nih.gov/dailymed/drugInfo.cfm?setid=8e28f049-6110-4473-830f-c494191a7197 | J92: Open
A93: 496 | B93: Cephalexin (CEP02, ULE02) | C93: High | D93: Dosing – renal/dialysis | E93: Renal table outdated | F93: HD/PD: limit to ≤500 mg/day (UK); note US insufficient HD data | G93: 'Dialyzable (50%) 250 to 500 mg every 12 to 24 hours; administer after hemodialysis on dialysis days'; PD '250 to 500 mg every 12 to 24 hours' | H93: US label: insufficient information to recommend a dose on haemodialysis. UK SmPC: if dialysis is required, the daily dose should not exceed 500 mg. The hospital's 500 mg q12h (1 g/day) exceeds the UK cap. | I93: US FDA label 2.3 footnote — https://dailymed.nlm.nih.gov/dailymed/drugInfo.cfm?setid=8e28f049-6110-4473-830f-c494191a7197 ; UK SmPC 4.4 — https://www.medicines.org.uk/emc/product/9144/smpc | J93: Open
A94: 498 | B94: Cephalexin (CEP02, ULE02) | C94: High | D94: Dosing – renal/dialysis | E94: Renal table outdated | F94: Fill ULE02 renal field with US CrCl tiers; state no hepatic adjustment | G94: Both fields are empty. | H94: The Ulexin insert says significant renal impairment may need a lower dose. US Table 1 gives numbers (adults and ≥15 y; no data under 15 y). No hepatic adjustment is labelled. | I94: TW 仿單 Ulexin 6.7; US FDA label 2.3 — https://dailymed.nlm.nih.gov/dailymed/drugInfo.cfm?setid=8e28f049-6110-4473-830f-c494191a7197 | J94: Open
A95: 517 | B95: Cexime (Cefixime) (CEX02) | C95: High | D95: Dosing – renal/dialysis | E95: Renal table outdated | F95: Fix garbled CrCl text; add CrCl 21–59/HD 260 mg/day, ≤20/CAPD ~172 mg/day (US) | G95: 'CrCl >20 to CrCl ≤20 mL/minute: 200 mg once daily. Hemodialysis, intermittent: 300 mg once daily. Peritoneal dialysis: 200 mg once daily.' | H95: US: normal dose if CrCl ≥60. CrCl 21–59 or HD: 260 mg/day. CrCl ≤20 or CAPD: 172 mg/day. UK: normal dose if CrCl ≥20; ≤200 mg once daily if CrCl <20 or on CAPD/HD. TW: reduce dose or extend interval in severe impairment. The hospital's CrCl range is garbled and leaves out the 21–59 tier. Its HD dose of 300 mg/day matches neither the US 260 mg nor the UK ≤200 mg. | I95: Lupin cefixime suspension §2.3 Table 2 https://dailymed.nlm.nih.gov/dailymed/drugInfo.cfm?setid=6d68dbd9-7d75-4ff1-91db-79ff8ae879ec; UK SmPC §4.2 https://www.medicines.org.uk/emc/product/15047/smpc | J95: Open
A96: 523 | B96: Cexime (Cefixime) (CEX02) | C96: High | D96: Dosing – renal/dialysis | E96: Renal table outdated | F96: Fix garbled CrCl range; add 21–59 tier; correct HD 300 mg to 260 mg (US) or ≤200 mg (UK) | G96: CrCl≥60: no adjustment; 'CrCl >20 to CrCl ≤20 mL/minute: 200 mg once daily'; Hemodialysis 300 mg once daily; Peritoneal dialysis 200 mg once daily | H96: US (Lupin Table 2): CrCl 21–59 or HD 260 mg/day; CrCl ≤20 or CAPD ≈172–176 mg/day. UK: CrCl ≥20 normal dose; <20, CAPD or HD ≤200 mg once daily. 仿單: reduce dose or extend interval in severe impairment (no numbers). The hospital's CrCl range is garbled, its CrCl 21–59 tier is missing, and its HD dose of 300 mg/day matches neither the US 260 mg nor the UK ≤200 mg. | I96: https://dailymed.nlm.nih.gov/dailymed/drugInfo.cfm?setid=6d68dbd9-7d75-4ff1-91db-79ff8ae879ec ; https://www.medicines.org.uk/emc/product/15047/smpc | J96: Open
A97: 504 | B97: Claforan (Cefotaxime) (CLA01) | C97: High | D97: Dosing – pediatric | F97: Peds: 50–100 mg/kg/day (150–200 severe); neonates 50 mg/kg q12h (0–7 d)/q8h (8–28 d) | G97: 100–200 mg/kg/day given in 2–4 doses (50 mg/kg for neonates) | H97: 仿單: usual 50–100 mg/kg/day in 2–4 doses, raised to 150–200 only for very severe infection; preterm ≤50 mg/kg/day. US FDA: neonates 50 mg/kg q12h (0–7 d) or q8h (8–28 d); 29 d–12 y 50–180 mg/kg/day in 4–6 doses. The hospital's lower limit is twice the usual label dose, and its neonatal dose gives no interval. | I97: Taiwan 仿單 嬰兒及兒童/早產兒/表2; US FDA DOSAGE AND ADMINISTRATION Pediatric patients | J97: Open
A98: 513 | B98: Claforan (Cefotaxime) (CLA01) | C98: High | D98: Dosing – pediatric | F98: Peds: start 50 mg/kg/day; add neonatal intervals and preterm ≤50 mg/kg/day | G98: 100–200 mg/kg/day in 2–4 doses (50 mg/kg for neonates) | H98: The labels start lower: 仿單 50–100 mg/kg/day in 2–4 doses (150–200 only in severe infection); FDA 50–180 mg/kg/day in 4–6 doses; SmPC 50–150 (up to 200). The neonatal dose needs an interval: 50 mg/kg q12h (0–7 d) / q8h (8–28 d). Premature infants ≤50 mg/kg/day (仿單/SmPC) is not mentioned. | I98: TW 仿單 [用法與用量]; FDA D&A Pediatric; SmPC 4.2 | J98: Open
A99: 500 | B99: Claforan (Cefotaxime) (CLA01) | C99: High | D99: Dosing – renal/dialysis | E99: Renal table outdated | F99: Replace interval-extension bands: halve dose at same interval only if CrCl <10 (after 1 g load) | G99: ClCr >50: 0.5–2 g q8–12h; ClCr 10–50: 0.5–2 g q12–24h; ClCr <10: q24h (interval-extension bands) | H99: Taiwan 仿單 for the stocked product: CrCl <10 mL/min → 1 g loading dose, then halve the maintenance dose with the interval unchanged (e.g. 1 g q12h→0.5 g q12h). US FDA: halve the dose if CrCl <20 mL/min/1.73m². UK SmPC: CrCl ≤5 → halve, same frequency. No label lengthens the interval or adjusts the dose at CrCl 10–50. | I99: Taiwan 仿單 腎功能不全病人的劑量 https://mcp.fda.gov.tw/insert/pdfcasefile/i_87c58fb4-a2c8-4280-9aca-5335cfc901eb; US FDA PRECAUTIONS General https://dailymed.nlm.nih.gov/dailymed/drugInfo.cfm?setid=434fb630-c8d6-4583-b3ee-8e4ba6552c3d; UK SmPC 4.2 https://www.medicines.org.uk/emc/product/100184/smpc | J99: Open
A100: 508 | B100: Claforan (Cefotaxime) (CLA01) | C100: High | D100: Dosing – renal/dialysis | E100: Renal table outdated | F100: Remove CrCl 10–50 interval extension; halve dose same interval only in severe impairment; HD 1–2 g/day post-HD | G100: CrCl-banded regimen with interval extension: >50: 0.5–2 g q8–12h; 10–50: 0.5–2 g q12–24h; <10: q24h | H100: No adjustment until severe impairment, then halve the dose at the SAME interval: 仿單 CrCl <10 (GFR <5) after a 1 g load; FDA CrCl <20 mL/min/1.73m²; SmPC CrCl ≤5. HD 1–2 g/day after dialysis (仿單). The hospital's q12–24h at CrCl 10–50 can underdose: CRRT/AKI PK data show dose reduction risks subtherapeutic levels (Koedijk 2016). | I100: TW 仿單 [用法與用量] 腎功能不全; FDA PRECAUTIONS General; SmPC 4.2 | J100: Open
...

Sheet All issues
A1: ID | B1: Drug (hospital code) | C1: Severity | D1: Category | E1: Recurring pattern | F1: Suggested action | G1: Hospital database says | H1: Official source says | I1: Source | J1: DI team status | K1: DI team notes
A2: 1200 | B2: Akurit-4 / Akurit-3 (TB fixed-dose combinations) (AKU02, AKU01) | C2: High | D2: Contraindication/warning | F2: Add Akurit-3 contraindications: severe hepatic impairment, acute liver disease, acute gout. | G2: Lists hypersensitivity, ART, previous INH hepatic injury, severe INH reactions and optic neuritis only | H2: The Akurit-3 insert also contraindicates severe hepatic impairment, acute liver disease of any cause and acute gout | I2: TW 仿單 Akurit-3 §4 禁忌 — https://mcp.fda.gov.tw/im_detail_1/%E8%A1%9B%E7%BD%B2%E8%97%A5%E8%BC%B8%E5%AD%97%E7%AC%AC025519%E8%99%9F | J2: Open
A3: 1203 | B3: Akurit-4 / Akurit-3 (TB fixed-dose combinations) (AKU02, AKU01) | C3: High | D3: Dosing – adult | F3: Add caveat to >70 kg 5-tablet dose: 'may consider', follow TW CDC guideline, INH 300/RIF 600 mg caps. | G3: Body weight >70 kg: 5 tab PO QD | H3: The insert says ≥71 kg 5 tablets 「可考慮」 and to follow the TW CDC 結核病診治指引, which caps INH at 300 mg and RIF at 600 mg. Five tablets give RIF 750 and INH 375 mg, over that cap, and the hospital page drops the caveat. | I3: TW 仿單 Akurit-4/Akurit-3 §3.1 — https://mcp.fda.gov.tw/im_detail_1/%E8%A1%9B%E7%BD%B2%E8%97%A5%E8%BC%B8%E5%AD%97%E7%AC%AC025518%E8%99%9F | J3: Open
A4: 1211 | B4: Akurit-4 / Akurit-3 (TB fixed-dose combinations) (AKU02, AKU01) | C4: High | D4: Dosing – adult | F4: Add caveat to 5-tablet >70 kg dose: exceeds INH 300/RIF 600 mg max; follow TW CDC guideline. | G4: Body weight >70 kg: 5 tab PO QD, with no caveat. | H4: The 仿單 says ≥71 kg 5 tablets 「可考慮」, but refers dosing to the 疾管署結核病診治指引 and states the daily maximum of INH 300 mg and RIF 600 mg. 5 tablets delivers RIF 750 mg and INH 375 mg. | I4: Akurit-4/Akurit-3 仿單 §3.1 https://mcp.fda.gov.tw/im_detail_1/%E8%A1%9B%E7%BD%B2%E8%97%A5%E8%BC%B8%E5%AD%97%E7%AC%AC025518%E8%99%9F | J4: Open
A5: 1204 | B5: Akurit-4 / Akurit-3 (TB fixed-dose combinations) (AKU02, AKU01) | C5: High | D5: Dosing – renal/dialysis | F5: Fill renal/hepatic fields: FDC unsuitable at CrCl<30/HD (EMB adjustment); contraindicated in acute liver disease. | G5: AKU01: renal field blank, and the adjacent hepatic field reads 'There are no dosage adjustments provided in the manufacturer's labeling; use with caution.' AKU02: both renal and hepatic fields are blank. | H5: Both inserts state that ethambutol must be reduced by serum level in renal impairment, so the fixed tablet is unsuitable at CrCl <30 or on HD. They also contraindicate acute liver disease, and Akurit-3 contraindicates severe hepatic impairment. | I5: TW 仿單 Akurit-3 §5.1 Ethambutol and §4 — https://mcp.fda.gov.tw/im_detail_1/%E8%A1%9B%E7%BD%B2%E8%97%A5%E8%BC%B8%E5%AD%97%E7%AC%AC025519%E8%99%9F; US ethambutol label PRECAUTIONS | J5: Open
A6: 1212 | B6: Akurit-4 / Akurit-3 (TB fixed-dose combinations) (AKU02, AKU01) | C6: High | D6: Dosing – renal/dialysis | F6: State FDC unsuitable for CrCl<30/HD; use single agents thrice weekly; add severe hepatic impairment contraindication. | G6: AKU01: 'There are no dosage adjustments provided in the manufacturer's labeling; use with caution.' AKU02: renal field empty. | H6: Both inserts §5.1 say ethambutol must be reduced according to serum levels in renal impairment. The FDC cannot be adjusted, so CrCl <30 or HD needs single agents (UK EMB SmPC §4.2: 15–25 mg/kg 3×/week; ATS 2016: PZA/EMB thrice weekly after HD). The Akurit-3 insert also contraindicates use in severe hepatic impairment. | I6: Akurit-3 仿單 §4, §5.1 https://mcp.fda.gov.tw/im_detail_1/%E8%A1%9B%E7%BD%B2%E8%97%A5%E8%BC%B8%E5%AD%97%E7%AC%AC025519%E8%99%9F ; UK Ethambutol SmPC §4.2 https://www.medicines.org.uk/emc/product/14174/smpc | J6: Open
A7: 1199 | B7: Akurit-4 / Akurit-3 (TB fixed-dose combinations) (AKU02, AKU01) | C7: High | D7: Drug interaction | E7: Interaction list incomplete | F7: Add contraindicated fosamprenavir, cabotegravir, fostemsavir, lenacapavir, praziquantel, lurasidone; cite ARV label source for rilpivirine/EVG. | G7: Concomitant atazanavir, darunavir, saquinavir, tipranavir, rilpivirine or elvitegravir/cobicistat | H7: The US rifampin label contraindicates atazanavir, darunavir, fosamprenavir, saquinavir, tipranavir, ritonavir-boosted saquinavir, cabotegravir, fostemsavir, lenacapavir (Sunlenca), praziquantel and lurasidone. UK SmPC adds sofosbuvir, daclatasvir, telaprevir and jaundice. The hospital list leaves out fosamprenavir, cabotegravir, fostemsavir, lenacapavir, praziquantel and lurasidone. Rilpivirine and EVG/c are not in the rifampin label, although their own labels contraindicate rifampin. | I7: US rifampin label CONTRAINDICATIONS — https://dailymed.nlm.nih.gov/dailymed/drugInfo.cfm?setid=50f706f9-5003-4e15-bece-85b6213b1f5c; UK Rifater SmPC 4.3 — https://www.medicines.org.uk/emc/product/1596/smpc | J7: Open
A8: 1208 | B8: Akurit-4 / Akurit-3 (TB fixed-dose combinations) (AKU02, AKU01) | C8: High | D8: Drug interaction | E8: Interaction list incomplete | F8: Expand rifampin contraindicated list with fosamprenavir, cabotegravir, fostemsavir, lenacapavir, praziquantel, lurasidone, sofosbuvir etc. | G8: Lists concomitant atazanavir, darunavir, saquinavir, tipranavir, rilpivirine or elvitegravir/cobicistat. | H8: The list is incomplete compared with the rifampin labels. The US label also contraindicates fosamprenavir, cabotegravir, fostemsavir, lenacapavir, praziquantel and lurasidone, plus saquinavir/ritonavir for hepatotoxicity. The UK Rifater SmPC adds sofosbuvir, daclatasvir and telaprevir. Rilpivirine and elvitegravir/cobicistat are not in the rifampin label contraindications (they come from the ARV labels). | I8: US rifampin label, Contraindications https://dailymed.nlm.nih.gov/dailymed/drugInfo.cfm?setid=50f706f9-5003-4e15-bece-85b6213b1f5c ; UK Rifater SmPC §4.3 https://www.medicines.org.uk/emc/product/1596/smpc | J8: Open
A9: 223 | B9: Amikacin (AMI12) | C9: High | D9: Dosing – adult | F9: State label max 15 mg/kg/day (≤1.5 g/day); mark higher/intrathecal regimens off-label with citations | G9: Bloodstream infection IV 15–30 mg/kg once daily; CF 30–35 mg/kg once daily; intraventricular/intrathecal 5–50 mg/day; other off-label regimens | H9: US: total daily dose ≤15 mg/kg/day in 2–3 doses; heavy patients ≤1.5 g/day. UK: 15 mg/kg/day (once daily only if CrCl ≥50), ≤1.5 g/day. TW (stocked product): 7.5–15 mg/kg/day ÷2, ≤1.5 g/day. No label gives an intrathecal dose; the UK SmPC mentions only 0.25% irrigation of the cerebral ventricles. | I9: US D&A; UK SmPC 4.2; Taiwan insert 3.1 – https://mcp.fda.gov.tw/im_detail_1/%E8%A1%9B%E7%BD%B2%E8%97%A5%E8%A3%BD%E5%AD%97%E7%AC%AC024198%E8%99%9F | J9: Open
A10: 229 | B10: Amikacin (AMI12) | C10: High | D10: Dosing – adult | F10: Cap at label 15 mg/kg/day; mark 15–35 mg/kg regimens off-label with citations | G10: Bloodstream infection, and sepsis/septic shock: IV 15 to 30 mg/kg once daily. HAP/VAP and plague: 15–20 mg/kg once daily. CF: 30–35 mg/kg once daily. | H10: US: total daily dose must not exceed 15 mg/kg/day, and heavier patients ≤1.5 g/day. UK: 15 mg/kg/day, ≤1.5 g/day. TW insert: 7.5–15 mg/kg/day ÷ bid; life-threatening or Pseudomonas up to 500 mg q8h, ≤1.5 g/day. Doses above this are off-label and need a guideline or PubMed source (e.g. Taccone 2010, PMID 20370907, for ≥25 mg/kg in septic shock). | I10: US label DOSAGE AND ADMINISTRATION; UK SmPC 4.2; TW insert 3.1, https://mcp.fda.gov.tw/im_detail_1/%E8%A1%9B%E7%BD%B2%E8%97%A5%E8%A3%BD%E5%AD%97%E7%AC%AC024198%E8%99%9F | J10: Open
A11: 231 | B11: Amikacin (AMI12) | C11: High | D11: Dosing – adult | F11: Add limits: high-dose 500 mg q8h max 1.5 g/day, ≤10 days, total course ≤15 g (TW/UK); reassess beyond 10 days | G11: No maximum daily dose, treatment duration, or total-course limit stated. | H11: TW insert 3.1 and UK SmPC 4.2: escalated regimen (500 mg q8h) ≤1.5 g/day, ≤10 days, total ≤15 g. US: usual 7–10 days; reassess if >10 days; safety >14 days not established. | I11: TW insert 3.1; UK SmPC 4.2; US label DOSAGE AND ADMINISTRATION and WARNINGS box | J11: Open
A12: 224 | B12: Amikacin (AMI12) | C12: High | D12: Dosing – renal/dialysis | E12: Renal table outdated | F12: Replace unsourced GFR/CRRT table with label method or cite source; reconcile CRRT with Notion | G12: GFR 30–50: 5–7.5 mg/kg q12–18h; GFR 10–29: q18–24h; GFR <10: q48–72h; HD/PD 5 mg/kg then redose by level; CRRT 7.5 mg/kg q12h | H12: No label has GFR tiers or CRRT dosing. US: 7.5 mg/kg every (SCr × 9) h, or 7.5 mg/kg LD then reduced q12h dose in proportion to CrCl; neither method during dialysis. UK: same methods, and no once-daily total dose if CrCl <50. TW insert: no renal table. The hospital CRRT dose (7.5 mg/kg q12h) also disagrees with the Notion CRRT entry (LD 10 mg/kg then TDM). Both need a guideline or PubMed source. | I12: US D&A renal sections – https://dailymed.nlm.nih.gov/dailymed/drugInfo.cfm?setid=f260ff2a-76a0-4672-9516-91c344b67890; UK SmPC 4.2 | J12: Open
A13: 230 | B13: Amikacin (AMI12) | C13: High | D13: Dosing – renal/dialysis | E13: Renal table outdated | F13: Replace pediatric-unit GFR table with adult label renal method; CRRT per evidence with TDM | G13: GFR 30–50 mL/min/1.73 m²: 5–7.5 mg/kg q12–18h; GFR 10–29: q18–24h; GFR <10: q48–72h; IHD 5 mg/kg, redose by level; CRRT 7.5 mg/kg q12h. This sits right after the paediatric section, and the units (per 1.73 m²) suggest a paediatric table shown as the general renal adjustment. | H13: No label gives GFR tiers or CRRT dosing. US label (fallback, since the TW insert has none): 7.5 mg/kg every SCr×9 h, or a 7.5 mg/kg loading dose then reduced q12h doses in proportion to CrCl; neither method during dialysis. UK SmPC: no once-daily dosing if CrCl <50. CRRT evidence (Roger 2016, PMID 27270279) supports 25 mg/kg about q48h with TDM, not 7.5 mg/kg q12h. | I13: US label Impaired Renal Function sections; UK SmPC 4.2; Roger C 2016, https://pubmed.ncbi.nlm.nih.gov/27270279/ | J13: Open
A14: 235 | B14: AmoClav (Amoxicillin/clavulanate) (AMO04, AMO08) | C14: High | D14: Dosing – adult | F14: Remove q6h option: 1.2 g q8h only (max 600 mg clavulanate/day); use other IV amoxicillin if more needed | G14: 1.2 g every 8 hours; in severe infections, administer every 6 hours | H14: 1000 mg/200 mg every 8 hours only. This product delivers at most 3000 mg amoxicillin + 600 mg clavulanate a day; if more amoxicillin is needed, use an alternative IV formulation. q6h would give 800 mg/day clavulanate. | I14: UK SmPC 4.2 — https://www.medicines.org.uk/emc/product/7211/smpc | J14: Open
A15: 236 | B15: AmoClav (Amoxicillin/clavulanate) (AMO04, AMO08) | C15: High | D15: Dosing – adult | F15: Fix prophylaxis: <1 h single 1.2–2.2 g at induction; >1 h up to 3 doses total in 24 h | G15: 1.2 g at induction of anesthesia for procedures 1 hour, may administer up to 2-3 additional doses in 24 hours (the < or > sign is missing) | H15: Procedures <1 h: 1000/200 to 2000/200 mg at induction. Procedures >1 h: same at induction, with up to 3 doses of 1000/200 mg in 24 hours (3 in total, not 2–3 additional). | I15: UK SmPC 4.2 — https://www.medicines.org.uk/emc/product/7211/smpc | J15: Open
A16: 246 | B16: AmoClav (Amoxicillin/clavulanate) (AMO04, AMO08) | C16: High | D16: Dosing – adult | F16: Remove q6h option: 1.2 g q8h only (max 600 mg clavulanate/day) | G16: 1.2 g every 8 hours; in severe infections, administer every 6 hours | H16: 1000/200 mg every 8 hours only. The vial is designed for at most 3000 mg amoxicillin + 600 mg clavulanate a day (q6h gives 800 mg clavulanate). If more amoxicillin is needed, use an alternative IV formulation. | I16: UK SmPC §4.2, https://www.medicines.org.uk/emc/product/7211/smpc | J16: Open
A17: 247 | B17: AmoClav (Amoxicillin/clavulanate) (AMO04, AMO08) | C17: High | D17: Dosing – adult | F17: Restore '<'/'>' and state max 3 doses total in 24 h for procedures >1 h | G17: 1.2 g at induction of anesthesia for procedures [sign missing] 1 hour, may administer up to 2-3 additional doses in 24 hours | H17: Procedures <1 h: 1000/200–2000/200 mg at induction. Procedures >1 h: same, with up to 3 doses of 1000/200 mg in 24 h in total. The '<'/'>' sign is lost in the hospital text, and '2-3 additional doses' could exceed 3 doses in total. | I17: UK SmPC §4.2, https://www.medicines.org.uk/emc/product/7211/smpc | J17: Open
A18: 237 | B18: AmoClav (Amoxicillin/clavulanate) (AMO04, AMO08) | C18: High | D18: Dosing – pediatric | F18: Pediatric <40 kg: ≥3 mo 30 mg/kg q8h; <3 mo or <4 kg 30 mg/kg q12h infusion; remove q6h and titration | G18: 3 months to 12 years: 30 mg/kg every 8 hours; in severe infections, administer every 6 hours. 30 mg/kg every 12 hours; then titrate to every 8 hours (no age/weight condition). | H18: Children <40 kg (weight-based, not 'to 12 years'): ≥3 months 25/5 mg/kg (30 mg/kg combined) q8h. Children <3 months or <4 kg: 25/5 mg/kg q12h, infusion only. There is no q6h option and no 'titrate to q8h' step. The pediatric q6h-in-severe-infection line was not in the source brief; I found it on the live page. | I18: UK SmPC 4.2 Paediatric population — https://www.medicines.org.uk/emc/product/7211/smpc | J18: Open
A19: 248 | B19: AmoClav (Amoxicillin/clavulanate) (AMO04, AMO08) | C19: High | D19: Dosing – pediatric | F19: Weight-based <40 kg dosing; no q6h; q12h only for <3 mo or <4 kg by infusion | G19: 3 months to 12 years: 30 mg/kg every 8 hours; in severe infections every 6 hours / 30 mg/kg every 12 hours; then titrate to every 8 hours | H19: Children <40 kg: ≥3 months, 25/5 mg/kg (=30 mg/kg combined) q8h; <3 months or <4 kg, 25/5 mg/kg q12h by infusion only. No q6h regimen. The q12h line in the hospital entry has no age or weight condition, and the limit is weight-based (<40 kg), not 12 years. | I19: UK SmPC §4.2 Paediatric population and Method of administration, https://www.medicines.org.uk/emc/product/7211/smpc | J19: Open
A20: 238 | B20: AmoClav (Amoxicillin/clavulanate) (AMO04, AMO08) | C20: High | D20: Dosing – renal/dialysis | E20: Renal table outdated | F20: HD: 1.2 g once, then 600 mg q24h plus 600 mg after dialysis; remove q12h option; use combined units | G20: 1 g followed by 500 mg every 12 to 24 hours; if utilizing a 24-hour interval, administer dose after dialysis or give an additional 500 mg after dialysis (units switch from 1.2 g product to amoxicillin-only mg) | H20: 1000/200 mg (1.2 g) initially, then 500/100 mg (600 mg) every 24 h, plus 500/100 mg at the end of dialysis. No q12h option. | I20: UK SmPC 4.2 Renal impairment — https://www.medicines.org.uk/emc/product/7211/smpc | J20: Open
A21: 239 | B21: AmoClav (Amoxicillin/clavulanate) (AMO04, AMO08) | C21: High | D21: Dosing – renal/dialysis | E21: Renal table outdated | F21: Remove unsupported PD q12h regimen; no label PD dose (CrCl <10 maintenance is 600 mg q24h) | G21: 1 g followed by 500 mg every 12 hours | H21: No peritoneal dialysis dose in the UK SmPC or US label. For CrCl <10 the SmPC gives 600 mg q24h maintenance, so a q12h PD regimen is unsupported. | I21: UK SmPC 4.2 — https://www.medicines.org.uk/emc/product/7211/smpc; US label 2.6 — https://dailymed.nlm.nih.gov/dailymed/drugInfo.cfm?setid=80bef3fd-4f6f-4190-8865-9ac46c8947a3 | J21: Open
A22: 240 | B22: AmoClav (Amoxicillin/clavulanate) (AMO04, AMO08) | C22: High | D22: Dosing – renal/dialysis | F22: Escape '<' in HTML so CrCl <10 band (1.2 g then 600 mg q24h) displays | G22: Rendered page shows only '3. CrCl' followed by '4. Hemodialysis'. The unescaped '<' cuts the text off; it reads in full only in the raw source ('CrCl <10 mL/min: 1.2 g followed by 600 mg every 24 hours'). | H22: The dose itself matches the SmPC (1.2 g, then 600 mg q24h). The defect is HTML escaping: the CrCl <10 line is invisible to users. | I22: UK SmPC 4.2 — https://www.medicines.org.uk/emc/product/7211/smpc | J22: Open
A23: 249 | B23: AmoClav (Amoxicillin/clavulanate) (AMO04, AMO08) | C23: High | D23: Dosing – renal/dialysis | E23: Renal table outdated | F23: HD: 1.2 g once, then 600 mg q24h plus 600 mg after dialysis; no q12h | G23: 1 g followed by 500 mg every 12 to 24 hours; if 24-hour interval, dose after dialysis or extra 500 mg after dialysis | H23: 1000/200 mg once, then 500/100 mg every 24 h, plus 500/100 mg at the end of dialysis. Units should be 1.2 g/600 mg to match the combined-strength convention used elsewhere. The SmPC gives no q12h option for HD. | I23: UK SmPC §4.2 Renal impairment, https://www.medicines.org.uk/emc/product/7211/smpc | J23: Open
A24: 250 | B24: AmoClav (Amoxicillin/clavulanate) (AMO04, AMO08) | C24: High | D24: Dosing – renal/dialysis | E24: Renal table outdated | F24: Remove PD 500 mg q12h regimen; no label support | G24: 1 g followed by 500 mg every 12 hours | H24: No PD regimen in the UK SmPC or the US label | I24: UK SmPC §4.2, https://www.medicines.org.uk/emc/product/7211/smpc | J24: Open
A25: 251 | B25: AmoClav (Amoxicillin/clavulanate) (AMO04, AMO08) | C25: High | D25: Dosing – renal/dialysis | F25: Escape '<' as &lt; so CrCl <10 line renders | G25: Rendered page shows '3. CrCl' with the text cut off. The raw HTML has 'CrCl <10 mL/min: 1.2 g followed by 600 mg every 24 hours'; the unescaped '<' breaks rendering. | H25: CrCl <10: 1000/200 mg once, then 500/100 mg q24h (the content is correct once shown; the HTML needs '&lt;') | I25: UK SmPC §4.2, https://www.medicines.org.uk/emc/product/7211/smpc | J25: Open
A26: 581 | B26: Amoxicillin (AMO02) | C26: High | D26: Dosing – renal/dialysis | E26: Renal table outdated | F26: Restore GFR <10 label; set 250-500 mg q24h (US), max 500 mg/day (UK); remove q12h | G26: The row after '10-30' has no GFR label: '250 to 500 mg every 12 to 24 hours / 500 mg every 12 to 24 hours / 500 mg every 12 hours'. | H26: Presumably this row is GFR <10, and the US label gives 250–500 mg q24h there, not q12–24h. The UK SmPC gives a maximum of 500 mg/day. Neither label supports the 'every 12 hours' column. | I26: US FDA label §2.5 Table 2 — https://dailymed.nlm.nih.gov/dailymed/drugInfo.cfm?setid=9b3ab9ea-caee-4186-9068-43ca527c098d; UK SmPC §4.2 — https://www.medicines.org.uk/emc/product/10637/smpc | J26: Open
A27: 582 | B27: Amoxicillin (AMO02) | C27: High | D27: Dosing – renal/dialysis | E27: Renal table outdated | F27: GFR 10-30: change 1 g q12h to 250-500 mg q12h (max 500 mg bid) | G27: 1 g every 12 hours | H27: US: 250–500 mg every 12 hours. UK: maximum 500 mg twice daily. 1 g q12h is twice the labelled maximum. | I27: US FDA label §2.5 Table 2 — https://dailymed.nlm.nih.gov/dailymed/drugInfo.cfm?setid=9b3ab9ea-caee-4186-9068-43ca527c098d; UK SmPC §4.2 Renal impairment — https://www.medicines.org.uk/emc/product/10637/smpc | J27: Open
A28: 583 | B28: Amoxicillin (AMO02) | C28: High | D28: Dosing – renal/dialysis | E28: Renal table outdated | F28: HD: 250-500 mg q24h plus supplemental dose during/after HD; remove q12h options | G28: 250 to 500 mg every 12 to 24 hours / 500 mg every 12 to 24 hours / 500 mg every 12 hours | H28: US: 250–500 mg every 24 h, plus an extra dose during and at the end of dialysis. UK: 500 mg every 24 h, plus 500 mg before and 500 mg after HD. Neither label has a q12h option, and the hospital row omits the supplemental dose. The source brief did not mention this discrepancy. | I28: US FDA label §2.5 — https://dailymed.nlm.nih.gov/dailymed/drugInfo.cfm?setid=9b3ab9ea-caee-4186-9068-43ca527c098d; UK SmPC §4.2 Haemodialysis — https://www.medicines.org.uk/emc/product/10637/smpc | J28: Open
A29: 584 | B29: Amoxicillin (AMO02) | C29: High | D29: Dosing – renal/dialysis | E29: Renal table outdated | F29: PD: cap at 500 mg/day (UK SmPC); remove 500 mg q12h | G29: 250 to 500 mg every 12 hours / 500 mg every 12 hours / 500 mg every 12 hours | H29: UK: maximum 500 mg/day. The US label has no PD dose, so the PD row conflicts with the UK SmPC only; 500 mg q12h is 1 g/day. | I29: UK SmPC §4.2 'In patients receiving peritoneal dialysis Amoxicillin maximum 500 mg/day' — https://www.medicines.org.uk/emc/product/10637/smpc | J29: Open
A30: 591 | B30: Amoxicillin (AMO02) | C30: High | D30: Dosing – renal/dialysis | E30: Renal table outdated | F30: Fix missing '<10' row label (HTML escape); set 250-500 mg q24h, max 500 mg/day | G30: Row with no GFR label: '250 to 500 mg every 12 to 24 hours / 500 mg every 12 to 24 hours / 500 mg every 12 hours' (presumably GFR <10; label probably lost to unescaped '<' in HTML) | H30: GFR <10: 250–500 mg q24h (US); max 500 mg/day (UK). q12h and q12–24h both exceed the label maximum. | I30: US label §2.5 Table 2 — https://dailymed.nlm.nih.gov/dailymed/drugInfo.cfm?setid=9b3ab9ea-caee-4186-9068-43ca527c098d; UK SmPC §4.2 — https://www.medicines.org.uk/emc/product/10637/smpc | J30: Open
A31: 592 | B31: Amoxicillin (AMO02) | C31: High | D31: Dosing – renal/dialysis | E31: Renal table outdated | F31: GFR 10-30: change 1 g q12h to 250-500 mg q12h | G31: 1 g every 12 hours | H31: US: 250–500 mg q12h; UK: maximum 500 mg twice daily | I31: US label §2.5 Table 2; UK SmPC §4.2 renal table | J31: Open
A32: 593 | B32: Amoxicillin (AMO02) | C32: High | D32: Dosing – renal/dialysis | E32: Renal table outdated | F32: HD: 250-500 mg q24h plus supplemental dose with HD; remove q12h | G32: 250–500 mg q12–24h / 500 mg q12–24h / 500 mg q12h; no supplemental dose | H32: US: 250–500 mg q24h + extra dose during and at end of HD. UK: 500 mg q24h + 500 mg before and 500 mg after HD. No q12h option. | I32: US label §2.5 Table 2; UK SmPC §4.2 haemodialysis | J32: Open
A33: 594 | B33: Amoxicillin (AMO02) | C33: High | D33: Dosing – renal/dialysis | E33: Renal table outdated | F33: PD: max 500 mg/day (UK SmPC); remove q12h regimens | G33: 250–500 mg q12h / 500 mg q12h / 500 mg q12h (up to 1 g/day) | H33: UK: maximum 500 mg/day. No US PD dose. | I33: UK SmPC §4.2 peritoneal dialysis — https://www.medicines.org.uk/emc/product/10637/smpc | J33: Open
A34: 576 | B34: Ampolin (Ampicillin) (AMP01) | C34: High | D34: Dosing – adult | F34: Add label doses; label 2 g q4h and 300-400 mg/kg/day as guideline with citation; 400 mg/kg/day exceeds labels | G34: Adults 2 g q4h (enterococcal/Listeria bacteremia, endocarditis, meningitis); 1–2 g q4–6h for enterococcal cUTI; children 50–200 mg/kg/day (max 8 g/day), 300–400 mg/kg/day (max 12 g/day) for meningitis/endocarditis. No citation, and no label doses shown. | H34: The stocked product's insert gives 250–500 mg q6h (or 2–4×/day IM), gonococcal urethritis 500 mg q12h, meningitis 8–14 g/day adults and 100–200 mg/kg/day children. US: 250–500 mg q6h; meningitis/septicemia 150–200 mg/kg/day q3–4h. UK: 500 mg 4–6×/day; meningitis 2 g q6h. The 2 g q4h and 300–400 mg/kg/day regimens are guideline (IDSA/AHA/ESC) doses, not label doses, and should be labelled and cited as such. 400 mg/kg/day exceeds every label. | I34: Ampolin 仿單 用法用量 https://mcp.fda.gov.tw/insert/pdfcasefile/i_f87fe441-fe10-4930-90d7-250bb0fcbf57; DailyMed DOSAGE AND ADMINISTRATION https://dailymed.nlm.nih.gov/dailymed/drugInfo.cfm?setid=64a04e8c-8f78-46b3-8f45-56ef225a4f74; UK SmPC 4.2 https://www.medicines.org.uk/emc/product/12892/smpc | J34: Open
A35: 568 | B35: Ampolin (Ampicillin) (AMP01) | C35: High | D35: Dosing – pediatric | F35: Clarify cIAI max 2,000 mg as per dose; note no label cIAI pediatric dose | G35: 200 mg/kg/day divided every 6 hours; maximum 2,000 mg | H35: No label gives a paediatric cIAI dose. 'Maximum 2,000 mg' does not say whether it is per dose or per day; read as per day it caps a 200 mg/kg/day regimen at 10 kg body weight. It looks like a per-dose cap written ambiguously. The label paediatric doses are 25-50 mg/kg/day (RTI/soft tissue), 50 mg/kg/day (GI/GU) and 150-200 mg/kg/day (meningitis/septicemia). | I35: DailyMed ampicillin DOSAGE AND ADMINISTRATION https://dailymed.nlm.nih.gov/dailymed/drugInfo.cfm?setid=3b683547-48ac-48ca-8fd4-6866fd17be34 | J35: Open
A36: 569 | B36: Ampolin (Ampicillin) (AMP01) | C36: High | D36: Dosing – pediatric | F36: Replace pediatric doses with label ranges; add US neonatal GA/PNA table; flag >200 mg/kg/day as off-label | G36: 50-200 mg/kg/day q6h (max 8 g/day); 300-400 mg/kg/day (max 12 g/day) for meningitis; IE 200-300 mg/kg/day | H36: These figures and maximums are not in the TW insert (meningitis 100-200 mg/kg/day; general 25-60 mg/kg/day) or the US label (150-200 mg/kg/day; neonatal table by GA/PNA). The neonatal dosing table in the US label is missing from the hospital page. | I36: Taiwan insert https://mcp.fda.gov.tw/insert/pdfcasefile/i_f87fe441-fe10-4930-90d7-250bb0fcbf57; DailyMed ampicillin TABLE 1 https://dailymed.nlm.nih.gov/dailymed/drugInfo.cfm?setid=3b683547-48ac-48ca-8fd4-6866fd17be34 | J36: Open
A37: 575 | B37: Ampolin (Ampicillin) (AMP01) | C37: High | D37: Dosing – pediatric | F37: Specify cIAI cap as 2,000 mg/dose; note not label-derived | G37: 200 mg/kg/day divided every 6 hours; maximum 2,000 mg | H37: No label gives a pediatric cIAI dose or this cap. As written, 'maximum 2,000 mg' reads as a daily cap, which would contradict 200 mg/kg/day for any child over 10 kg. It is presumably a per-dose cap and should say '/dose'. | I37: DailyMed ampicillin DOSAGE AND ADMINISTRATION (no cIAI dose) https://dailymed.nlm.nih.gov/dailymed/drugInfo.cfm?setid=3b683547-48ac-48ca-8fd4-6866fd17be34; Ampolin 仿單 https://mcp.fda.gov.tw/insert/pdfcasefile/i_f87fe441-fe10-4930-90d7-250bb0fcbf57 | J37: Open
A38: 570 | B38: Ampolin (Ampicillin) (AMP01) | C38: High | D38: Dosing – renal/dialysis | E38: Renal table outdated | F38: Cite renal intervals source; add post-HD supplemental dose (UK SmPC) | G38: CrCl 10-50: interval q6-12h; CrCl <10: interval q12-16h | H38: The TW insert and US labels have no CrCl table. The UK SmPC says only that for CrCl <10 the dose should be reduced or the interval extended, with an extra dose after dialysis. The hospital's intervals cite no source, and the page says nothing about dosing after HD. | I38: UK SmPC 4.2 https://www.medicines.org.uk/emc/product/12892/smpc; DailyMed ampicillin OVERDOSAGE https://dailymed.nlm.nih.gov/dailymed/drugInfo.cfm?setid=3b683547-48ac-48ca-8fd4-6866fd17be34 | J38: Open
A39: 577 | B39: Ampolin (Ampicillin) (AMP01) | C39: High | D39: Dosing – renal/dialysis | E39: Renal table outdated | F39: Revise renal intervals (q12h CrCl 7-30, q24h post-HD in ESRD per Blum 1989); add HD/PD/CRRT guidance with sources | G39: CrCl 10–50: q6–12h; CrCl <10: q12–16h (uncited) | H39: No label has a CrCl table: the TW insert has no renal section, the US label has none, and the UK SmPC only says CrCl <10 → reduce dose or extend interval plus a post-dialysis dose. The available PK study (Blum 1989, ampicillin 2 g) supports q12h at CrCl 7–30 and q24h after HD for ESRD, longer than the hospital's q12–16h. The hospital page also gives no HD, PD or CRRT guidance. The label says ampicillin is removed by HD, not PD. | I39: UK SmPC 4.2 Renal Impairment https://www.medicines.org.uk/emc/product/12892/smpc; DailyMed OVERDOSAGE https://dailymed.nlm.nih.gov/dailymed/drugInfo.cfm?setid=3b683547-48ac-48ca-8fd4-6866fd17be34; Blum RA 1989 PMID 2817847 https://pubmed.ncbi.nlm.nih.gov/2817847/ | J39: Open
A40: 269 | B40: Antifect (Cefepime) (ANT10) | C40: High | D40: Administration/compatibility | F40: Infusion fluids: NS, D5W/D10W, D5NS, M/6 lactate, LR with D5; SWFI for reconstitution only, not plain LR | G40: 稀釋溶液：NS、D5W、SWFI、LR (仿單) | H40: TW insert/FDA infusion fluids: 0.9% NaCl, 5% and 10% dextrose, M/6 sodium lactate, D5NS, lactated Ringer's WITH 5% dextrose (not plain LR). Sterile water is listed only for reconstitution, not as an infusion diluent. | I40: Taiwan Antifect insert §3.2 相容性及安定性 — https://mcp.fda.gov.tw/im_detail_1/%E8%A1%9B%E7%BD%B2%E8%97%A5%E8%A3%BD%E5%AD%97%E7%AC%AC047983%E8%99%9F ; US FDA label §2.4, §2.6 | J40: Open
A41: 258 | B41: Antifect (Cefepime) (ANT10) | C41: High | D41: Dosing – renal/dialysis | E41: Renal table outdated | F41: Replace regimen columns with label: 500 mg q12h, 1 g q12h, 2 g q12h, 2 g q8h; delete 1 g q6h | G41: Usual recommended doses at CrCl >60 are 1g Q12H, 2g Q12H, 1g Q6H and 2g Q8H. | H41: No label has a 1 g q6h regimen. FDA Table 2 regimens are 500 mg q12h, 1 g q12h, 2 g q12h and 2 g q8h. Taiwan 表5 regimens are 2 g q8h, 2 g q12h, 1 g q12h and 0.5 g q12h. | I41: US FDA label 2.3 Table 2 — https://dailymed.nlm.nih.gov/dailymed/drugInfo.cfm?setid=de477f37-40f6-4295-ae72-a2ee36a8922e; Taiwan Antifect insert 3.3 表5 — https://mcp.fda.gov.tw/im_detail_1/%E8%A1%9B%E7%BD%B2%E8%97%A5%E8%A3%BD%E5%AD%97%E7%AC%AC047983%E8%99%9F | J41: Open
A42: 259 | B42: Antifect (Cefepime) (ANT10) | C42: High | D42: Dosing – renal/dialysis | E42: Renal table outdated | F42: CrCl 30–60: 2 g q12h→2 g q24h; 2 g q8h→2 g q12h; remove 1 g q8h row | G42: 1g Q24H / 1g Q12H / 1g Q8H / 2g Q12H (for the 1g q12h / 2g q12h / 1g q6h / 2g q8h regimens) | H42: FDA 30-60: 1 g q12h → 1 g q24h; 2 g q12h → 2 g q24h (not 1 g q12h); 2 g q8h → 2 g q12h. The label has no 1 g q6h regimen, so '1g Q8H' has no label basis. Taiwan uses a 30-50 band with the same values. | I42: US FDA label 2.3 Table 2; Taiwan Antifect insert 表5 | J42: Open
A43: 260 | B43: Antifect (Cefepime) (ANT10) | C43: High | D43: Dosing – renal/dialysis | E43: Renal table outdated | F43: CrCl 11–29 for 2 g q8h: 2 g q24h only; label last row CrCl <11 (≤10 TW) | G43: 11-29: 500mg Q24H / 1g Q24H / 1g Q12H / '1g Q12H or 2g Q24H'. The last row (250mg / 500mg / 1g / 1g Q24H) has no CrCl label. | H43: FDA and Taiwan, for the 2 g q8h regimen at CrCl 11-29: 2 g q24h only. 1 g q12h is not a label option. The last row should be labelled CrCl <11 (FDA) or ≤10 (Taiwan). | I43: US FDA label 2.3 Table 2; Taiwan Antifect insert 表5 | J43: Open
A44: 261 | B44: Antifect (Cefepime) (ANT10) | C44: High | D44: Dosing – renal/dialysis | E44: Renal table outdated | F44: Add HD (1 g day 1, then 500 mg q24h after HD; FN 1 g q24h) and CAPD (usual dose q48h) | G44: Gives no HD or CAPD rows and uses FDA-style bands (>60 / 30-60 / 11-29). | H44: All labels give HD (1 g on day 1, then 0.5 g q24h after dialysis; FDA/SmPC: 1 g q24h for FN) and CAPD (usual dose q48h). The stocked Antifect product's Taiwan insert uses >50 / 30-50 / 11-29 / ≤10. | I44: Taiwan Antifect insert 3.3 表5 and 透析患者; US FDA label 2.3 | J44: Open
A45: 265 | B45: Antifect (Cefepime) (ANT10) | C45: High | D45: Dosing – renal/dialysis | E45: Renal table outdated | F45: Replace whole renal table with FDA Table 2/TW 表5 incl. HD and CAPD rows; remove 1 g q6h | G45: CrCl >60 'usual' regimens: 1g Q12H | 2g Q12H | 1g Q6H | 2g Q8H. 30-60: 1g Q24H | 1g Q12H | 1g Q8H | 2g Q12H. 11-29: 500mg Q24H | 1g Q24H | 1g Q12H | 1g Q12H or 2g Q24H. An unlabeled fourth row: 250mg Q24H | 500mg Q24H | 1g Q24H | 1g Q24H. No HD or CAPD rows. | H45: FDA Table 2 usual regimens are 500 mg q12h | 1 g q12h | 2 g q12h | 2 g q8h; there is no 1 g q6h. 30-60: 500 mg q24h | 1 g q24h | 2 g q24h | 2 g q12h. 11-29: 500 mg q24h | 500 mg q24h | 1 g q24h | 2 g q24h. <11: 250 mg | 250 mg | 500 mg | 1 g q24h. CAPD: usual dose q48h. HD: 1 g day 1 then 500 mg q24h (FN 1 g q24h), after dialysis. The stocked Antifect insert (表5) gives the same doses with bands >50 / 30-50 / 11-29 / ≤10, plus HD 1 g → 0.5 g q24h and CAPD q48h. | I45: US FDA label §2.3 Table 2 — https://dailymed.nlm.nih.gov/dailymed/drugInfo.cfm?setid=de477f37-40f6-4295-ae72-a2ee36a8922e ; Taiwan Antifect insert §3.3 表5 — https://mcp.fda.gov.tw/im_detail_1/%E8%A1%9B%E7%BD%B2%E8%97%A5%E8%A3%BD%E5%AD%97%E7%AC%AC047983%E8%99%9F | J45: Open
A46: 1367 | B46: Baraclude / Envir (Entecavir) (BAR03, ENV01, ENV02) | C46: High | D46: Contraindication/warning | E46: Missing boxed warning | F46: Add boxed warnings: HBV flare on stopping, HIV resistance in co-infection, lactic acidosis/hepatomegaly. | G46: Only 'Headache, fatigue, dizziness, nausea'. The boxed warnings (post-treatment flare, HIV/HBV co-infection, lactic acidosis/hepatomegaly) are not shown. ENV01 lists lactic acidosis, hepatomegaly with steatosis and recurrent hepatitis. | H46: The US and TW inserts carry a boxed warning (特殊警語) for severe acute HBV exacerbation after stopping, HIV NRTI resistance in untreated HIV/HBV co-infection, and lactic acidosis with severe hepatomegaly with steatosis. These should appear on all three pages. | I46: US FDA label boxed warning; TW Baraclude 特殊警語 https://mcp.fda.gov.tw/im_detail_1/%E8%A1%9B%E7%BD%B2%E8%97%A5%E8%BC%B8%E5%AD%97%E7%AC%AC024469%E8%99%9F | J46: Open
A47: 1361 | B47: Baraclude / Envir (Entecavir) (BAR03, ENV01, ENV02) | C47: High | D47: Dosing – renal/dialysis | F47: Replace '10% daily' with tablet-feasible 0.5/1 mg every 7 days after HD; note solution not stocked. | G47: 'Hemodialysis, Peritoneal dialysis: Not significantly dialyzed; Administer 10% of usual indication-specific dose daily'; 'CRRT, PIRRT: Drug clearance is dependent on the effluent flow rate…' (no dose) | H47: The label puts HD/CAPD in the <10 band: 0.05 mg (or 0.1 mg) QD, which needs the oral solution the hospital does not stock, or 0.5 mg (1 mg) every 7 days, given after HD on dialysis days. A 4-h HD session removes ~13% of a dose. The '10% daily' option cannot be given with the hospital's tablets, and the page does not say so. No label gives a CRRT dose. | I47: US FDA label §2.4, §10; TW Baraclude §11 | J47: Open
A48: 1371 | B48: Baraclude / Envir (Entecavir) (BAR03, ENV01, ENV02) | C48: High | D48: Dosing – renal/dialysis | F48: Add dose after HD on dialysis days; give label options 0.05/0.1 mg QD or 0.5/1 mg weekly. | G48: 'Hemodialysis, Peritoneal dialysis: Not significantly dialyzed; Administer 10% of usual dose daily'. No instruction to dose after HD. | H48: A 4-h HD session removes ~13% of a dose (CAPD ~0.3%/7 days). On HD days give the dose after HD (US/TW footnote b). The label options are 0.05/0.1 mg QD (oral solution) or 0.5/1 mg every 7 days. | I48: US FDA label §2.4 Table 2 footnote b, §12.3 https://dailymed.nlm.nih.gov/dailymed/drugInfo.cfm?setid=d59e9ea4-09ea-47bd-af2f-39f7a2e2aceb | J48: Open
A49: 620 | B49: Bicillin (Penicillin G benzathine) (PEN11, BIC02) | C49: High | D49: Dosing – adult | F49: Complete truncated syphilis line: 2.4 MU IM single dose | G49: Syphilis: 1. Primary, Secondary, Early Latent ( [the line is cut off and no dose is shown] | H49: Primary, secondary and early latent syphilis: 2.4 MU IM as a single dose. | I49: TW 仿單 §3.1 ('第一期、第二期及潛伏期—2,400,000單位（1劑）'); UK SmPC §4.2 – https://www.medicines.org.uk/emc/product/11043/smpc | J49: Open
A50: 628 | B50: Bicillin (Penicillin G benzathine) (PEN11, BIC02) | C50: High | D50: Dosing – adult | F50: Complete truncated syphilis dose: 2.4 MU IM single dose | G50: 'Syphilis: 1. Primary, Secondary, Early Latent (' (text cut off; no dose shown) | H50: Primary, secondary and latent syphilis: 2,400,000 U IM as one dose. | I50: Taiwan insert 3.1 https://mcp.fda.gov.tw/im_detail_1/%E8%A1%9B%E9%83%A8%E8%97%A5%E8%BC%B8%E5%AD%97%E7%AC%AC026966%E8%99%9F | J50: Open
A51: 619 | B51: Bicillin (Penicillin G benzathine) (PEN11, BIC02) | C51: High | D51: Dosing – pediatric | E51: Missing boxed warning | F51: Replace aqueous PCN G regimen with IM-only benzathine doses; add NOT FOR IV boxed warning | G51: General dosing, susceptible infection (non-CNS): Infants, Children, and Adolescents: IM, IV: 100,000 to 300,000 units/kg/day in divided doses every 4 to 6 hours; maximum daily dose: 24 million units/day. | H51: That is the aqueous (crystalline) penicillin G regimen. Benzathine penicillin G is deep IM only, with a boxed warning: 'NOT FOR INTRAVENOUS USE… cardiorespiratory arrest and death'. Pediatric doses are single IM doses: strep URI 0.6 MU for ≤27 kg and 1.2 MU for >27 kg (TW), or congenital syphilis 50,000 U/kg (US). SAFETY ERROR: the field must be corrected. | I51: TW 仿單 特殊警語 and §3.1 – https://mcp.fda.gov.tw/im_detail_1/%E8%A1%9B%E9%83%A8%E8%97%A5%E8%BC%B8%E5%AD%97%E7%AC%AC026966%E8%99%9F ; US label boxed WARNING and DOSAGE AND ADMINISTRATION – https://dailymed.nlm.nih.gov/dailymed/drugInfo.cfm?setid=012d46f1-d0a0-4676-a879-cd320297ab16 | J51: Open
A52: 627 | B52: Bicillin (Penicillin G benzathine) (PEN11, BIC02) | C52: High | D52: Dosing – pediatric | E52: Missing boxed warning | F52: Remove IV aqueous regimen; use IM single doses (0.6/1.2 MU; 50,000 U/kg); add boxed warning | G52: 'Infants, Children, and Adolescents: IM, IV: 100,000 to 300,000 units/kg/day in divided doses every 4 to 6 hours; maximum daily dose: 24 million units/day' | H52: Penicillin G benzathine is for deep IM injection only. Boxed warning: 'NOT FOR INTRAVENOUS USE … cardiorespiratory arrest and death.' Pediatric doses are single IM injections: ≤27 kg 0.6 MU, >27 kg 1.2 MU (Taiwan insert), or 50,000 U/kg for syphilis. The hospital text is the aqueous penicillin G regimen. SAFETY ERROR. | I52: Taiwan insert 特殊警語 and 3.1 https://mcp.fda.gov.tw/im_detail_1/%E8%A1%9B%E9%83%A8%E8%97%A5%E8%BC%B8%E5%AD%97%E7%AC%AC026966%E8%99%9F; DailyMed boxed WARNING https://dailymed.nlm.nih.gov/dailymed/drugInfo.cfm?setid=012d46f1-d0a0-4676-a879-cd320297ab16 | J52: Open
A53: 1218 | B53: Biktarvy (Bictegravir/Emtricitabine/TAF) (BIK01, BIK02) | C53: High | D53: Contraindication/warning | E53: Missing boxed warning | F53: Add boxed warning for post-treatment HBV exacerbation and HBV testing before initiation. | G53: No mention anywhere of the boxed warning (post-treatment acute HBV exacerbation) or of HBV testing before starting; the 注意事項 field is empty. | H53: Both the Taiwan insert (特殊警語) and the US label carry the boxed warning 'post-treatment acute exacerbation of hepatitis B' and require HBV testing before or at initiation. | I53: Taiwan insert 特殊警語 and §3.1.1 https://mcp.fda.gov.tw/im_detail_1/%E8%A1%9B%E9%83%A8%E8%97%A5%E8%BC%B8%E5%AD%97%E7%AC%AC027570%E8%99%9F; US FDA label Boxed Warning, §2.1 https://dailymed.nlm.nih.gov/dailymed/drugInfo.cfm?setid=664cb8f0-1f65-441b-b0d9-ba3d798be309 | J53: Open
A54: 1214 | B54: Biktarvy (Bictegravir/Emtricitabine/TAF) (BIK01, BIK02) | C54: High | D54: Dosing – hepatic | F54: Fix swapped Child-Pugh classes: A/B no adjustment; C not recommended. | G54: 1. Mild to moderate impairment (Child-Pugh class C): Not recommended (has not been studied); 2. Severe impairment (Child-Pugh class A, B): No dosage adjustments necessary | H54: Child-Pugh A (mild) and B (moderate): no dose adjustment. Child-Pugh C (severe): not recommended (not studied). The hospital has the Child-Pugh classes swapped, which could stop the drug in mild/moderate disease or allow it in severe disease. | I54: Taiwan insert §6.6 / §3.3.3 https://mcp.fda.gov.tw/im_detail_1/%E8%A1%9B%E9%83%A8%E8%97%A5%E8%BC%B8%E5%AD%97%E7%AC%AC027570%E8%99%9F; US FDA label §8.7 https://dailymed.nlm.nih.gov/dailymed/drugInfo.cfm?setid=664cb8f0-1f65-441b-b0d9-ba3d798be309 | J54: Open
A55: 1222 | B55: Biktarvy (Bictegravir/Emtricitabine/TAF) (BIK01, BIK02) | C55: High | D55: Dosing – hepatic | F55: Correct swapped Child-Pugh classes: A/B no adjustment, C not recommended. | G55: 1. Mild to moderate impairment (Child-Pugh class C): Not recommended (has not been studied) 2. Severe impairment (Child-Pugh class A, B): No dosage adjustments necessary | H55: Mild (Child-Pugh A) or moderate (Child-Pugh B): no dose adjustment. Severe (Child-Pugh C): not recommended (not studied). | I55: Taiwan 仿單 v4 §6.6 / US label §8.7 / UK SmPC 4.2: https://mcp.fda.gov.tw/im_detail_1/%E8%A1%9B%E9%83%A8%E8%97%A5%E8%BC%B8%E5%AD%97%E7%AC%AC027570%E8%99%9F | J55: Open
A56: 659 | B56: Bobimixyn (Polymyxin B) (BOB01) | C56: High | D56: Contraindication/warning | F56: Add myasthenia gravis contraindication (TW insert §4) | G56: Hypersensitivity to polymyxin B or any component of the formulation | H56: The Taiwan insert also contraindicates use in patients with myasthenia gravis ('曾對多黏菌素類抗生素產生嚴重過敏反應者與重症肌無力病人，不得使用本藥品'). | I56: TW insert 4 禁忌 — https://mcp.fda.gov.tw/im_detail_1/%E8%A1%9B%E9%83%A8%E8%97%A5%E8%A3%BD%E5%AD%97%E7%AC%AC061557%E8%99%9F | J56: Open
A57: 670 | B57: Bobimixyn (Polymyxin B) (BOB01) | C57: High | D57: Contraindication/warning | F57: Add myasthenia gravis contraindication (TW §4) | G57: Hypersensitivity to polymyxin B or any component only | H57: TW §4 also contraindicates myasthenia gravis (重症肌無力病人，不得使用本藥品). | I57: Taiwan insert §4 禁忌 | J57: Open
A58: 658 | B58: Bobimixyn (Polymyxin B) (BOB01) | C58: High | D58: Dosing – adult | F58: Mark loading/30,000 U/kg/day regimen as consensus off-label; state label max 25,000 U/kg/day | G58: LD 20,000–25,000 units/kg, then 12,500–15,000 units/kg q12h; 'pharmacokinetic data do not support routine dose capping' | H58: The Taiwan insert and US label both give 15,000–25,000 units/kg/day q12h with a maximum of 25,000 units/kg/day. The hospital's maintenance dose (25,000–30,000 units/kg/day) plus the loading dose goes above the label maximum. These are consensus values (R15/R16) and are not marked as off-label. | I58: TW insert 3.1; US label Adults and children; Tsuji 2019 R15/R16 | J58: Open
A59: 667 | B59: Bobimixyn (Polymyxin B) (BOB01) | C59: High | D59: Dosing – adult | F59: Label dose 15,000-25,000 U/kg/day (max 25,000); mark consensus loading/higher doses as off-label | G59: LD 20,000–25,000 units/kg, then 12,500–15,000 units/kg q12h (25,000–30,000 units/kg/day); no routine dose cap | H59: TW §3.1 and US label: 15,000–25,000 units/kg/day q12h, 'maximum 25,000 units/kg/day'. Neither label has a loading dose. The hospital regimen is the 2019 consensus (R15–R16) and is above the label maximum, but the hospital page does not say it is off-label. | I59: Taiwan insert §3.1 (URL above); US label Dosage https://dailymed.nlm.nih.gov/dailymed/drugInfo.cfm?setid=b56f18c0-ef5e-4ed9-a5af-f79f3cd189b6 | J59: Open
A60: 660 | B60: Bobimixyn (Polymyxin B) (BOB01) | C60: High | D60: Dosing – pediatric | F60: Replace pediatric regimen with US label 15,000-25,000 U/kg/day; note TW adults only | G60: Pediatric IV regimen: LD 25,000 units/kg; maintenance 25,000–30,000 units/kg/day divided q12h | H60: The Taiwan insert indication covers adults only, and section 6.4 has no paediatric information. The US label gives 15,000–25,000 units/kg/day IV (maximum 25,000) for children and up to 40,000 units/kg/day for infants, with no loading dose. The hospital regimen is not from either label. | I60: TW insert 2, 6.4; US label Adults and children / Infants | J60: Open
A61: 671 | B61: Bobimixyn (Polymyxin B) (BOB01) | C61: High | D61: Dosing – pediatric | F61: Mark adult-only (TW); align peds to US 15,000–25,000 U/kg/day (infants ≤40,000), remove loading dose | G61: Infants/children/adolescents: LD 25,000 units/kg; 25,000–30,000 units/kg/day ÷ q12h (range 15,000–40,000) | H61: TW insert: the indication is for adults only (§2), with no pediatric information (§6.4). The US label gives 15,000–25,000 units/kg/day (max 25,000) for children and up to 40,000 units/kg/day for infants, with no loading dose. The hospital's 25,000–30,000 units/kg/day for children is above the US maximum. | I61: Taiwan insert §2, §6.4; US label Dosage (Adults and children; Infants) | J61: Open
A62: 656 | B62: Bobimixyn (Polymyxin B) (BOB01) | C62: High | D62: Dosing – renal/dialysis | F62: Replace 'no adjustment' with label: adjust dose by renal function, monitor closely (TW 3.3/6.7, US) | G62: No dosage adjustment is necessary for any degree of kidney dysfunction | H62: The Taiwan insert for this product gives no adjustment only for CrCl 60–89. For CrCl 15–59 and ESRD it says to choose the dose carefully by renal function within 15,000–25,000 units/kg/day (3.3), and section 6.7 says the dose needs adjusting with more frequent renal monitoring. The US label says to reduce from 15,000 units/kg downward. The hospital's wording follows the 2019 consensus (R17), not the label. | I62: TW insert 3.3, 6.7 — https://mcp.fda.gov.tw/im_detail_1/%E8%A1%9B%E9%83%A8%E8%97%A5%E8%A3%BD%E5%AD%97%E7%AC%AC061557%E8%99%9F; US label (Adults and children) — https://dailymed.nlm.nih.gov/dailymed/drugInfo.cfm?setid=b56f18c0-ef5e-4ed9-a5af-f79f3cd189b6 | J62: Open
A63: 668 | B63: Bobimixyn (Polymyxin B) (BOB01) | C63: High | D63: Dosing – renal/dialysis | F63: Replace 'no adjustment' with label renal dose-adjustment and monitoring advice | G63: No dosage adjustment for any degree of kidney dysfunction | H63: TW §3.3: CLcr 15–59 and ESRD keep 15,000–25,000 units/kg/day but '宜考量病患腎功能謹慎選擇劑量'. TW §6.7 says the dose needs adjusting and renal function needs closer monitoring. US label: reduce from 15,000 units/kg downward. Only the 2019 consensus (R17) says no adjustment. | I63: Taiwan insert §3.3, §6.7; US label Boxed WARNING/Dosage | J63: Open
A64: 271 | B64: Brosym (cefoperazone-sulbactam) (BRO04, BUR01) | C64: High | D64: Administration/compatibility | F64: Remove IM; IV push ≥3 min or IV infusion only per TW insert | G64: (IV, IM) The total adult daily dose is 1g/1g to 2g/2g… | H64: IV push (≥3 min) or IV infusion only: '只限靜脈注射，不可皮下及肌肉注射' | I64: Brosym TW insert §3.1 & §15(3) — https://mcp.fda.gov.tw/im_detail_1/%E8%A1%9B%E9%83%A8%E8%97%A5%E8%A3%BD%E5%AD%97%E7%AC%AC058156%E8%99%9F | J64: Open
A65: 278 | B65: Brosym (cefoperazone-sulbactam) (BRO04, BUR01) | C65: High | D65: Administration/compatibility | F65: Remove IM route; IV only (push ≥3 min or infusion) | G65: Usual dose: (IV, IM) | H65: IV push (≥3 min) or IV infusion only; '只限靜脈注射，不可皮下及肌肉注射' | I65: TFDA insert Brosym §3.1, §15 其他 (3) | J65: Open
A66: 275 | B66: Brosym (cefoperazone-sulbactam) (BRO04, BUR01) | C66: High | D66: Drug interaction | E66: Interaction list incomplete | F66: Add disulfiram-like reaction: avoid alcohol during and ≥1 week after therapy | G66: Neither page mentions alcohol or a disulfiram-like reaction (grep for 酒/alcohol/disulfiram found 0 hits on either page). | H66: A disulfiram-like reaction with alcohol (N-MTT) is possible. No alcohol during treatment and for at least 1 week afterwards. | I66: Brosym TW insert §7 交互作用 — https://mcp.fda.gov.tw/im_detail_1/%E8%A1%9B%E9%83%A8%E8%97%A5%E8%A3%BD%E5%AD%97%E7%AC%AC058156%E8%99%9F | J66: Open
A67: 282 | B67: Brosym (cefoperazone-sulbactam) (BRO04, BUR01) | C67: High | D67: Drug interaction | E67: Interaction list incomplete | F67: Add disulfiram-like alcohol reaction (avoid ≥1 week after) and furosemide nephrotoxicity | G67: No mention of alcohol or the disulfiram-like reaction (text search for alcohol, disulfiram and 酒 found nothing on either page) | H67: TW 仿單 §7: disulfiram-like reaction (N-MTT); no alcohol during treatment and for at least 1 week after. Furosemide may increase nephrotoxicity. | I67: TFDA insert Brosym §7 交互作用; Burotam PDF §7 https://mcp.fda.gov.tw/insert/pdfcasefile/i_ae59ce8f-6bf8-4727-adf2-f5f34e067be1 | J67: Open
A68: 270 | B68: Brosym (cefoperazone-sulbactam) (BRO04, BUR01) | C68: High | D68: Pharmacokinetics/other | F68: Correct 2 g vial strength: cefoperazone 1 g + sulbactam 1 g | G68: powder for reconstitution: cefoperazone sodium 0.5 g and sulbactam sodium 0.5 g (on the 2 g/vial product pages) | H68: The 2 g vial contains cefoperazone sodium 1000 mg and sulbactam sodium 1000 mg. The 0.5 g/0.5 g strength is the 1 g vial. | I68: Brosym TW insert §1.1 — https://mcp.fda.gov.tw/im_detail_1/%E8%A1%9B%E9%83%A8%E8%97%A5%E8%A3%BD%E5%AD%97%E7%AC%AC058156%E8%99%9F; Burotam TW insert §1.1 — https://mcp.fda.gov.tw/im_detail_1/%E8%A1%9B%E9%83%A8%E8%97%A5%E8%A3%BD%E5%AD%97%E7%AC%AC061039%E8%99%9F | J68: Open
A69: 277 | B69: Brosym (cefoperazone-sulbactam) (BRO04, BUR01) | C69: High | D69: Pharmacokinetics/other | F69: Correct 2 g vial strength to cefoperazone 1 g + sulbactam 1 g | G69: powder for reconstitution: cefoperazone sodium 0.5 g and sulbactam sodium 0.5 g (product listed as 2 g/Vial) | H69: 2 g vial = cefoperazone sodium 1000 mg + sulbactam sodium 1000 mg; 0.5 g/0.5 g is the 1 g vial | I69: TFDA insert Brosym §1.1 https://mcp.fda.gov.tw/im_detail_1/%E8%A1%9B%E9%83%A8%E8%97%A5%E8%A3%BD%E5%AD%97%E7%AC%AC058156%E8%99%9F ; Burotam §1.1 https://mcp.fda.gov.tw/im_detail_1/%E8%A1%9B%E9%83%A8%E8%97%A5%E8%A3%BD%E5%AD%97%E7%AC%AC061039%E8%99%9F | J69: Open
A70: 466 | B70: Cefa (Cefazolin) (CEF01) | C70: High | D70: Dosing – pediatric | F70: Label max 100 mg/kg/day; cite guideline source for 150 mg/kg/day or remove | G70: 25–100 mg/kg/day q8h; up to 150 mg/kg/day for serious infection | H70: Label maximum is 100 mg/kg/day in 3–4 doses (US) or 2–4 doses (UK); TW gives 20–50 mg/kg/day. 150 mg/kg/day is off-label and needs a guideline source. | I70: US FDA label Pediatric Dosage – https://dailymed.nlm.nih.gov/dailymed/drugInfo.cfm?setid=922fb1a1-ad4c-4a12-8d5d-00fe13af18e8; UK SmPC §4.2 – https://www.medicines.org.uk/emc/product/102464/smpc | J70: Open
A71: 473 | B71: Cefa (Cefazolin) (CEF01) | C71: High | D71: Dosing – pediatric | F71: Peds: 25–50 mg/kg/day, max 100 mg/kg/day; add neonatal restriction and pediatric renal table | G71: 25-100 mg/kg/day divided q8h; serious infection up to 150 mg/kg/day q6-8h, not to exceed 12 g/day; usual max 2 g/dose | H71: Labels: 25-50 mg/kg/day in 3-4 doses (UK 2-4), up to 100 mg/kg/day for severe infection. No label supports 150 mg/kg/day. The neonatal (<1 month) restriction and the pediatric renal table are missing. | I71: US PLR §2.2 Table 2, §2.4 Table 5, §8.4; UK SmPC §4.2; TW 仿單 §5.1 小兒使用 | J71: Open
A72: 462 | B72: Cefa (Cefazolin) (CEF01) | C72: High | D72: Dosing – renal/dialysis | E72: Renal table outdated | F72: CrCl <10: give loading dose, then half usual dose q18–24h (US/UK) | G72: 0.5–1 g q24h | H72: Half the usual dose every 18–24 h, after a loading dose (US and UK). With a 1 g usual dose, 1 g q24h is not a half dose; the hospital gives a fixed q24h interval instead of q18–24h, and no loading dose is mentioned anywhere in the renal field. | I72: US FDA label DOSAGE AND ADMINISTRATION renal adjustment – https://dailymed.nlm.nih.gov/dailymed/drugInfo.cfm?setid=922fb1a1-ad4c-4a12-8d5d-00fe13af18e8; UK SmPC §4.2 – https://www.medicines.org.uk/emc/product/102464/smpc | J72: Open
A73: 464 | B73: Cefa (Cefazolin) (CEF01) | C73: High | D73: Dosing – renal/dialysis | E73: Renal table outdated | F73: Express renal table as fractions of usual dose so 2 g q8h regimens scale (e.g. 1 g q12h at CrCl 11–34) | G73: Renal table based on 1 g doses (CrCl >55: 1 g q6–8h), while most treatment regimens use 2 g IV q8h | H73: The labels express renal dosing as a fraction of the usual dose (full, then ½ dose), so the table should scale from whatever dose is used. A patient on 2 g q8h with CrCl 11–34 would need 1 g q12h by label; the hospital table gives 0.5–1 g q12h. The tables do not line up. | I73: US FDA label renal adjustment – https://dailymed.nlm.nih.gov/dailymed/drugInfo.cfm?setid=922fb1a1-ad4c-4a12-8d5d-00fe13af18e8 | J73: Open
A74: 470 | B74: Cefa (Cefazolin) (CEF01) | C74: High | D74: Dosing – renal/dialysis | E74: Renal table outdated | F74: State loading dose; base reductions on usual dose (incl. 2 g q8h), not fixed 1 g | G74: ClCr >55: 1 g Q6-8H, and all reduced bands are expressed from a 1 g base | H74: CrCl ≥55: full usual dose (US Table 1 up to 1-1.5 g q6h; guideline MSSA 2 g q8h). Reductions are fractions of the usual dose, given after a loading dose. The fixed 1 g base conflicts with the 2 g q8h the same page uses for treatment, and there is no loading-dose statement. | I74: US FDA PLR label §2.1 Table 1, §2.4 Table 4 – https://dailymed.nlm.nih.gov/dailymed/drugInfo.cfm?setid=1367568c-7d27-479f-a4c5-58e99942f686; UK SmPC §4.2 – https://www.medicines.org.uk/emc/product/102464/smpc | J74: Open
A75: 472 | B75: Cefa (Cefazolin) (CEF01) | C75: High | D75: Dosing – renal/dialysis | E75: Renal table outdated | F75: Fix truncated CrCl ≤10 band: loading dose then half dose q18–24h; add HD/PD/CRRT guidance | G75: 0.5-1 gm Q24H (page text is truncated after 'ClCr') | H75: Half of the usual dose every 18-24 h, after a loading dose. There is also no HD, PD or CRRT guidance. | I75: US PLR Table 4; UK SmPC §4.2 | J75: Open
A76: 293 | B76: Cefin (Ceftriaxone) (CEF10) | C76: High | D76: Administration/compatibility | F76: Verify against full 仿單; if IV-only product, remove IM route for CEF10 | G76: IV, IVF and IM are all listed for CEF10 (Cefin 2 g). | H76: The stocked product is registered as 舒復靜脈注射劑, 'Cefin for IV injection'. The 仿單 使用方法 section, as transcribed, describes only IV injection over 2–4 min and IV infusion over at least 30 min. IM use with a lidocaine diluent is described in the FDA and UK labels for other products. This needs checking against the full 仿單 PDF, because the transcription is partial. | I76: Cefin 仿單 title and 2.2 使用方法 https://mcp.fda.gov.tw/insert/pdfcasefile/i_e5d33886-d20a-423d-9bc2-14ea9861a989 | J76: Open
A77: 286 | B77: Cefin (Ceftriaxone) (CEF10) | C77: High | D77: Contraindication/warning | E77: Missing boxed warning | F77: Add contraindications: neonates ≤28 d needing IV calcium/TPN, premature neonates to PMA 41 wk, IV lidocaine diluent | G77: Hypersensitivity to ceftriaxone/cephalosporins; do not use in hyperbilirubinemic neonates | H77: The labels also contraindicate: neonates ≤28 days who need (or are expected to need) IV calcium, including TPN; premature neonates up to postmenstrual age 41 weeks (FDA, SmPC); IV use of lidocaine-containing solutions (FDA, SmPC); and, in the SmPC, severe hypersensitivity to any beta-lactam. The TW insert has a boxed calcium warning. | I77: US FDA CONTRAINDICATIONS https://dailymed.nlm.nih.gov/dailymed/drugInfo.cfm?setid=8351aa37-552d-471d-b293-c564dcb6ec29 ; UK SmPC 4.3 https://www.medicines.org.uk/emc/product/15077/smpc ; TW insert 2.3 | J77: Open
A78: 294 | B78: Cefin (Ceftriaxone) (CEF10) | C78: High | D78: Contraindication/warning | E78: Missing boxed warning | F78: Add premature neonate and neonatal IV-calcium contraindications; severe beta-lactam allergy | G78: Hypersensitivity to ceftriaxone or other cephalosporins; do not use in hyperbilirubinemic neonates. | H78: All three labels also contraindicate premature neonates (FDA/SmPC: up to PMA 41 weeks; 仿單: 早產兒). They also contraindicate neonates ≤28 days who need or are expected to need IV calcium, including TPN. The site shows the calcium rule only as a mixing alert. The SmPC also contraindicates use after a severe hypersensitivity reaction to any other β-lactam. | I78: FDA CONTRAINDICATIONS; SmPC 4.3; 仿單 2.3 | J78: Open
A79: 314 | B79: Cefmore (Cefoxitin) (CEF08) | C79: High | D79: Administration/compatibility | F79: Replace 2.2 mL (IM, 1 g) with IV reconstitution for stocked 2 g vial (10–20 mL per US label) | G79: 1g 裝小瓶（Vial）加 2.2ml的溶劑 (the stocked item is the 2 g vial) | H79: The TW insert gives no reconstitution volume. The US label constitutes 1 g with at least 10 mL and 2 g with 10 or 20 mL for IV use. Neither source supports 2.2 mL, which looks like IM reconstitution taken from another product, and it describes the 1 g vial although the 2 g vial is stocked. | I79: US FDA label Table 3 / Preparation of Solution; Taiwan insert (no reconstitution section) | J79: Open
A80: 300 | B80: Cefmore (Cefoxitin) (CEF08) | C80: High | D80: Dosing – adult | F80: Severe infection: 1 g q4h or 2 g q6–8h; reserve 2 g q4h/3 g q6h for e.g. gas gangrene | G80: In severe infections: 2 g IV Q4H or 3 g IV Q6H | H80: Moderately severe or severe infections: 1 g q4h or 2 g q6-8h (6-8 g/day). 2 g q4h or 3 g q6h (12 g/day) is the tier for infections needing higher doses, e.g. gas gangrene. | I80: Taiwan 仿單 §3.1 table; US FDA label Table 1 – https://dailymed.nlm.nih.gov/dailymed/drugInfo.cfm?setid=658a0dc6-6da5-44dc-94f2-1211619297f7 | J80: Open
A81: 308 | B81: Cefmore (Cefoxitin) (CEF08) | C81: High | D81: Dosing – adult | F81: Severe: 1 g q4h or 2 g q6–8h; 12 g/day tier only for higher-dose infections | G81: In severe infections: 2 g IV Q4H or 3 g IV Q6H | H81: Moderately severe/severe: 1 g q4h or 2 g q6-8h (6-8 g/day). 2 g q4h or 3 g q6h (12 g/day) is the tier for infections needing higher doses, e.g., gas gangrene. | I81: Taiwan insert §3.1 table; US FDA label Table 1 | J81: Open
A82: 301 | B82: Cefmore (Cefoxitin) (CEF08) | C82: High | D82: Dosing – renal/dialysis | E82: Renal table outdated | F82: Add 1–2 g loading dose, CrCl <5 band 0.5–1 g q24–48h, HD loading after each session; escape '<' | G82: Four rows. Row 4 is truncated on the web page and reads only 'ClCr', so the <5 mL/min band is not shown (probably an HTML '<' rendering bug). No loading dose and no haemodialysis instruction. | H82: Loading dose 1-2 g. CrCl <5: 0.5-1 g q24-48h. HD: give the 1-2 g loading dose after each dialysis, then maintenance per table. | I82: US FDA label D&A + Table 2; Taiwan 仿單 §3.3 | J82: Open
A83: 310 | B83: Cefmore (Cefoxitin) (CEF08) | C83: High | D83: Dosing – renal/dialysis | E83: Renal table outdated | F83: Add loading dose, HD post-session dose, and CrCl <5 band; fix '<' rendering | G83: 4 CrCl bands only. No loading dose and no hemodialysis guidance. The 4th line is stored as raw 'ClCr <5 mL/minute' with an unescaped '<', so a browser can drop it (the HTML-to-text view showed only '4. ClCr'). | H83: Loading 1-2 g, then maintenance per table. On hemodialysis, give the 1-2 g loading dose after each session. CrCl <5: 0.5-1 g q24-48h. | I83: US FDA label DOSAGE AND ADMINISTRATION (loading dose, hemodialysis, Table 2); Taiwan insert §3.3 | J83: Open
A84: 483 | B84: Cephalexin (CEP02, ULE02) | C84: High | D84: Dosing – pediatric | F84: Restore truncated otitis media dose: 75–100 mg/kg/day divided q6h | G84: 'Acute otitis media: (Children >1 year and Adolescents' and then stops. The dose text is missing (same '<' truncation defect). | H84: Otitis media: 75–100 mg/kg/day in equally divided doses (q6h) | I84: US FDA label §2.2 https://dailymed.nlm.nih.gov/dailymed/drugInfo.cfm?setid=8e28f049-6110-4473-830f-c494191a7197 | J84: Open
A85: 479 | B85: Cephalexin (CEP02, ULE02) | C85: High | D85: Dosing – renal/dialysis | E85: Renal table outdated | F85: Add CrCl 30–59 cap: max 1 g/day (US label) | G85: CrCl ≥30 mL/min: No dosage adjustment necessary | H85: CrCl 30–59: no adjustment, but the maximum daily dose should not exceed 1 g. The hospital's own 500 mg QID cellulitis regimen (2 g/day) would exceed this. | I85: US FDA label §2.3 Table 1 https://dailymed.nlm.nih.gov/dailymed/drugInfo.cfm?setid=8e28f049-6110-4473-830f-c494191a7197 | J85: Open
A86: 480 | B86: Cephalexin (CEP02, ULE02) | C86: High | D86: Dosing – renal/dialysis | E86: Renal table outdated | F86: CrCl 15–29: 250 mg q8–12h (not up to 500 mg) per US label | G86: CrCl 15-30: 250 to 500 mg every 8 to 12 hours | H86: CrCl 15–29: 250 mg every 8 or 12 hours (the US label maximum is half the hospital's upper value) | I86: US FDA label §2.3 Table 1 https://dailymed.nlm.nih.gov/dailymed/drugInfo.cfm?setid=8e28f049-6110-4473-830f-c494191a7197 | J86: Open
A87: 481 | B87: Cephalexin (CEP02, ULE02) | C87: High | D87: Dosing – renal/dialysis | E87: Renal table outdated | F87: Restore truncated <15 band: CrCl 5–14 250 mg q24h; CrCl 1–4 250 mg q48–60h | G87: Line reads '3. CrCl ' and then stops. The '<15' threshold and its dose are lost (rendering/encoding defect). | H87: CrCl 5–14 not on dialysis: 250 mg q24h; CrCl 1–4 not on dialysis: 250 mg q48–60h | I87: US FDA label §2.3 Table 1 https://dailymed.nlm.nih.gov/dailymed/drugInfo.cfm?setid=8e28f049-6110-4473-830f-c494191a7197 | J87: Open
A88: 482 | B88: Cephalexin (CEP02, ULE02) | C88: High | D88: Dosing – renal/dialysis | E88: Renal table outdated | F88: HD/PD: cap at 500 mg/day (UK); note US has insufficient data | G88: HD: 250 to 500 mg every 12 to 24 hours, after HD; PD: 250 to 500 mg every 12 to 24 hours (up to 1 g/day) | H88: US: insufficient information to recommend an HD dose. UK SmPC 4.4: if dialysis is required, the daily dose should not exceed 500 mg. The hospital's upper value (1 g/day) is twice the UK maximum. | I88: US FDA label §2.3 footnote https://dailymed.nlm.nih.gov/dailymed/drugInfo.cfm?setid=8e28f049-6110-4473-830f-c494191a7197 ; UK SmPC §4.4 https://www.medicines.org.uk/emc/product/9144/smpc | J88: Open
A89: 486 | B89: Cephalexin (CEP02, ULE02) | C89: High | D89: Dosing – renal/dialysis | E89: Renal table outdated | F89: Populate ULE02 renal field with CrCl tiers; note no hepatic adjustment | G89: 腎功能調整劑量 and 肝功能調整劑量 are empty | H89: Renal dosing exists: Ulexin insert 6.7 (lower safe dose in significant impairment) and the US Table 1 CrCl tiers. Hepatic: no label adjustment. | I89: TW insert Ulexin §6.7 https://mcp.fda.gov.tw/im_detail_1/衛署藥製字第017280號 ; US FDA label §2.3 https://dailymed.nlm.nih.gov/dailymed/drugInfo.cfm?setid=8e28f049-6110-4473-830f-c494191a7197 | J89: Open
A90: 493 | B90: Cephalexin (CEP02, ULE02) | C90: High | D90: Dosing – renal/dialysis | E90: Renal table outdated | F90: Add max 1 g/day cap for CrCl 30–59 | G90: 'CrCl ≥30 mL/minute: No dosage adjustment necessary.' | H90: For CrCl 30–59 the US label gives no adjustment but a maximum of 1 g/day. The hospital text leaves out this cap. | I90: US FDA label 2.3 Table 1 — https://dailymed.nlm.nih.gov/dailymed/drugInfo.cfm?setid=8e28f049-6110-4473-830f-c494191a7197 | J90: Open
A91: 494 | B91: Cephalexin (CEP02, ULE02) | C91: High | D91: Dosing – renal/dialysis | E91: Renal table outdated | F91: CrCl 15–29: 250 mg q8h or q12h; remove 500 mg/dose | G91: 'CrCl 15-30 mL/minute: 250 to 500 mg every 8 to 12 hours.' | H91: US label: CrCl 15–29 → 250 mg q8h or q12h. 500 mg per dose is above the label. | I91: US FDA label 2.3 Table 1 — https://dailymed.nlm.nih.gov/dailymed/drugInfo.cfm?setid=8e28f049-6110-4473-830f-c494191a7197 | J91: Open
A92: 495 | B92: Cephalexin (CEP02, ULE02) | C92: High | D92: Dosing – renal/dialysis | E92: Renal table outdated | F92: Fix garbled <15 tier: CrCl 5–14 250 mg q24h; 1–4 250 mg q48–60h | G92: Garbled line '3. CrCl Hemodialysis, intermittent…': the '<15' threshold and its dose are missing. | H92: US label: CrCl 5–14 (not on dialysis) 250 mg q24h; CrCl 1–4 250 mg q48–60h. | I92: US FDA label 2.3 Table 1 — https://dailymed.nlm.nih.gov/dailymed/drugInfo.cfm?setid=8e28f049-6110-4473-830f-c494191a7197 | J92: Open
A93: 496 | B93: Cephalexin (CEP02, ULE02) | C93: High | D93: Dosing – renal/dialysis | E93: Renal table outdated | F93: HD/PD: limit to ≤500 mg/day (UK); note US insufficient HD data | G93: 'Dialyzable (50%) 250 to 500 mg every 12 to 24 hours; administer after hemodialysis on dialysis days'; PD '250 to 500 mg every 12 to 24 hours' | H93: US label: insufficient information to recommend a dose on haemodialysis. UK SmPC: if dialysis is required, the daily dose should not exceed 500 mg. The hospital's 500 mg q12h (1 g/day) exceeds the UK cap. | I93: US FDA label 2.3 footnote — https://dailymed.nlm.nih.gov/dailymed/drugInfo.cfm?setid=8e28f049-6110-4473-830f-c494191a7197 ; UK SmPC 4.4 — https://www.medicines.org.uk/emc/product/9144/smpc | J93: Open
A94: 498 | B94: Cephalexin (CEP02, ULE02) | C94: High | D94: Dosing – renal/dialysis | E94: Renal table outdated | F94: Fill ULE02 renal field with US CrCl tiers; state no hepatic adjustment | G94: Both fields are empty. | H94: The Ulexin insert says significant renal impairment may need a lower dose. US Table 1 gives numbers (adults and ≥15 y; no data under 15 y). No hepatic adjustment is labelled. | I94: TW 仿單 Ulexin 6.7; US FDA label 2.3 — https://dailymed.nlm.nih.gov/dailymed/drugInfo.cfm?setid=8e28f049-6110-4473-830f-c494191a7197 | J94: Open
A95: 517 | B95: Cexime (Cefixime) (CEX02) | C95: High | D95: Dosing – renal/dialysis | E95: Renal table outdated | F95: Fix garbled CrCl text; add CrCl 21–59/HD 260 mg/day, ≤20/CAPD ~172 mg/day (US) | G95: 'CrCl >20 to CrCl ≤20 mL/minute: 200 mg once daily. Hemodialysis, intermittent: 300 mg once daily. Peritoneal dialysis: 200 mg once daily.' | H95: US: normal dose if CrCl ≥60. CrCl 21–59 or HD: 260 mg/day. CrCl ≤20 or CAPD: 172 mg/day. UK: normal dose if CrCl ≥20; ≤200 mg once daily if CrCl <20 or on CAPD/HD. TW: reduce dose or extend interval in severe impairment. The hospital's CrCl range is garbled and leaves out the 21–59 tier. Its HD dose of 300 mg/day matches neither the US 260 mg nor the UK ≤200 mg. | I95: Lupin cefixime suspension §2.3 Table 2 https://dailymed.nlm.nih.gov/dailymed/drugInfo.cfm?setid=6d68dbd9-7d75-4ff1-91db-79ff8ae879ec; UK SmPC §4.2 https://www.medicines.org.uk/emc/product/15047/smpc | J95: Open
A96: 523 | B96: Cexime (Cefixime) (CEX02) | C96: High | D96: Dosing – renal/dialysis | E96: Renal table outdated | F96: Fix garbled CrCl range; add 21–59 tier; correct HD 300 mg to 260 mg (US) or ≤200 mg (UK) | G96: CrCl≥60: no adjustment; 'CrCl >20 to CrCl ≤20 mL/minute: 200 mg once daily'; Hemodialysis 300 mg once daily; Peritoneal dialysis 200 mg once daily | H96: US (Lupin Table 2): CrCl 21–59 or HD 260 mg/day; CrCl ≤20 or CAPD ≈172–176 mg/day. UK: CrCl ≥20 normal dose; <20, CAPD or HD ≤200 mg once daily. 仿單: reduce dose or extend interval in severe impairment (no numbers). The hospital's CrCl range is garbled, its CrCl 21–59 tier is missing, and its HD dose of 300 mg/day matches neither the US 260 mg nor the UK ≤200 mg. | I96: https://dailymed.nlm.nih.gov/dailymed/drugInfo.cfm?setid=6d68dbd9-7d75-4ff1-91db-79ff8ae879ec ; https://www.medicines.org.uk/emc/product/15047/smpc | J96: Open
A97: 504 | B97: Claforan (Cefotaxime) (CLA01) | C97: High | D97: Dosing – pediatric | F97: Peds: 50–100 mg/kg/day (150–200 severe); neonates 50 mg/kg q12h (0–7 d)/q8h (8–28 d) | G97: 100–200 mg/kg/day given in 2–4 doses (50 mg/kg for neonates) | H97: 仿單: usual 50–100 mg/kg/day in 2–4 doses, raised to 150–200 only for very severe infection; preterm ≤50 mg/kg/day. US FDA: neonates 50 mg/kg q12h (0–7 d) or q8h (8–28 d); 29 d–12 y 50–180 mg/kg/day in 4–6 doses. The hospital's lower limit is twice the usual label dose, and its neonatal dose gives no interval. | I97: Taiwan 仿單 嬰兒及兒童/早產兒/表2; US FDA DOSAGE AND ADMINISTRATION Pediatric patients | J97: Open
A98: 513 | B98: Claforan (Cefotaxime) (CLA01) | C98: High | D98: Dosing – pediatric | F98: Peds: start 50 mg/kg/day; add neonatal intervals and preterm ≤50 mg/kg/day | G98: 100–200 mg/kg/day in 2–4 doses (50 mg/kg for neonates) | H98: The labels start lower: 仿單 50–100 mg/kg/day in 2–4 doses (150–200 only in severe infection); FDA 50–180 mg/kg/day in 4–6 doses; SmPC 50–150 (up to 200). The neonatal dose needs an interval: 50 mg/kg q12h (0–7 d) / q8h (8–28 d). Premature infants ≤50 mg/kg/day (仿單/SmPC) is not mentioned. | I98: TW 仿單 [用法與用量]; FDA D&A Pediatric; SmPC 4.2 | J98: Open
A99: 500 | B99: Claforan (Cefotaxime) (CLA01) | C99: High | D99: Dosing – renal/dialysis | E99: Renal table outdated | F99: Replace interval-extension bands: halve dose at same interval only if CrCl <10 (after 1 g load) | G99: ClCr >50: 0.5–2 g q8–12h; ClCr 10–50: 0.5–2 g q12–24h; ClCr <10: q24h (interval-extension bands) | H99: Taiwan 仿單 for the stocked product: CrCl <10 mL/min → 1 g loading dose, then halve the maintenance dose with the interval unchanged (e.g. 1 g q12h→0.5 g q12h). US FDA: halve the dose if CrCl <20 mL/min/1.73m². UK SmPC: CrCl ≤5 → halve, same frequency. No label lengthens the interval or adjusts the dose at CrCl 10–50. | I99: Taiwan 仿單 腎功能不全病人的劑量 https://mcp.fda.gov.tw/insert/pdfcasefile/i_87c58fb4-a2c8-4280-9aca-5335cfc901eb; US FDA PRECAUTIONS General https://dailymed.nlm.nih.gov/dailymed/drugInfo.cfm?setid=434fb630-c8d6-4583-b3ee-8e4ba6552c3d; UK SmPC 4.2 https://www.medicines.org.uk/emc/product/100184/smpc | J99: Open
A100: 508 | B100: Claforan (Cefotaxime) (CLA01) | C100: High | D100: Dosing – renal/dialysis | E100: Renal table outdated | F100: Remove CrCl 10–50 interval extension; halve dose same interval only in severe impairment; HD 1–2 g/day post-HD | G100: CrCl-banded regimen with interval extension: >50: 0.5–2 g q8–12h; 10–50: 0.5–2 g q12–24h; <10: q24h | H100: No adjustment until severe impairment, then halve the dose at the SAME interval: 仿單 CrCl <10 (GFR <5) after a 1 g load; FDA CrCl <20 mL/min/1.73m²; SmPC CrCl ≤5. HD 1–2 g/day after dialysis (仿單). The hospital's q12–24h at CrCl 10–50 can underdose: CRRT/AKI PK data show dose reduction risks subtherapeutic levels (Koedijk 2016). | I100: TW 仿單 [用法與用量] 腎功能不全; FDA PRECAUTIONS General; SmPC 4.2 | J100: Open
...

Sheet Recurring patterns
A1: Pattern | B1: What it means | C1: Rows (All issues) | D1: of which High
A2: Renal table outdated | B2: Renal dose bands do not match the current label (CrCl bands, HD/CRRT rows missing or different). | C2: =COUNTIF('All issues'!$E$2:$E$1465,A2) | D2: =COUNTIFS('All issues'!$E$2:$E$1465,A2,'All issues'!$C$2:$C$1465,"High")
A3: FDA letter category | B3: Pregnancy shown as an FDA letter (A/B/C/D/X). The FDA retired these in 2015 (PLLR); replace with the label narrative. | C3: =COUNTIF('All issues'!$E$2:$E$1465,A3) | D3: =COUNTIFS('All issues'!$E$2:$E$1465,A3,'All issues'!$C$2:$C$1465,"High")
A4: LactMed outdated | B4: Breastfeeding text is older or more restrictive than current LactMed. | C4: =COUNTIF('All issues'!$E$2:$E$1465,A4) | D4: =COUNTIFS('All issues'!$E$2:$E$1465,A4,'All issues'!$C$2:$C$1465,"High")
A5: Missing SCAR (SJS/TEN/DRESS) | B5: Severe cutaneous adverse reactions listed in the label are missing. | C5: =COUNTIF('All issues'!$E$2:$E$1465,A5) | D5: =COUNTIFS('All issues'!$E$2:$E$1465,A5,'All issues'!$C$2:$C$1465,"High")
A6: Interaction list incomplete | B6: Interaction or contraindicated co-medication list is shorter than the label. | C6: =COUNTIF('All issues'!$E$2:$E$1465,A6) | D6: =COUNTIFS('All issues'!$E$2:$E$1465,A6,'All issues'!$C$2:$C$1465,"High")
A7: Missing boxed warning | B7: A US boxed warning is not mentioned. | C7: =COUNTIF('All issues'!$E$2:$E$1465,A7) | D7: =COUNTIFS('All issues'!$E$2:$E$1465,A7,'All issues'!$C$2:$C$1465,"High")
A8: Missing C. difficile warning | B8: The C. difficile-associated diarrhoea warning in the label is missing. | C8: =COUNTIF('All issues'!$E$2:$E$1465,A8) | D8: =COUNTIFS('All issues'!$E$2:$E$1465,A8,'All issues'!$C$2:$C$1465,"High")
A9: Tip | B9: Fixing these as one batch across all drugs is faster than drug by drug.

Sheet By drug
A1: Drug (hospital code) | B1: High | C1: Medium | D1: Low | E1: Total
A2: Akurit-4 / Akurit-3 (TB fixed-dose combinations) (AKU02, AKU01) | B2: =COUNTIFS('All issues'!$B$2:$B$1465,A2,'All issues'!$C$2:$C$1465,"High") | C2: =COUNTIFS('All issues'!$B$2:$B$1465,A2,'All issues'!$C$2:$C$1465,"Medium") | D2: =COUNTIFS('All issues'!$B$2:$B$1465,A2,'All issues'!$C$2:$C$1465,"Low") | E2: =SUM(B2:D2)
A3: Amikacin (AMI12) | B3: =COUNTIFS('All issues'!$B$2:$B$1465,A3,'All issues'!$C$2:$C$1465,"High") | C3: =COUNTIFS('All issues'!$B$2:$B$1465,A3,'All issues'!$C$2:$C$1465,"Medium") | D3: =COUNTIFS('All issues'!$B$2:$B$1465,A3,'All issues'!$C$2:$C$1465,"Low") | E3: =SUM(B3:D3)
A4: AmoClav (Amoxicillin/clavulanate) (AMO04, AMO08) | B4: =COUNTIFS('All issues'!$B$2:$B$1465,A4,'All issues'!$C$2:$C$1465,"High") | C4: =COUNTIFS('All issues'!$B$2:$B$1465,A4,'All issues'!$C$2:$C$1465,"Medium") | D4: =COUNTIFS('All issues'!$B$2:$B$1465,A4,'All issues'!$C$2:$C$1465,"Low") | E4: =SUM(B4:D4)
A5: Amoxicillin (AMO02) | B5: =COUNTIFS('All issues'!$B$2:$B$1465,A5,'All issues'!$C$2:$C$1465,"High") | C5: =COUNTIFS('All issues'!$B$2:$B$1465,A5,'All issues'!$C$2:$C$1465,"Medium") | D5: =COUNTIFS('All issues'!$B$2:$B$1465,A5,'All issues'!$C$2:$C$1465,"Low") | E5: =SUM(B5:D5)
A6: Ampolin (Ampicillin) (AMP01) | B6: =COUNTIFS('All issues'!$B$2:$B$1465,A6,'All issues'!$C$2:$C$1465,"High") | C6: =COUNTIFS('All issues'!$B$2:$B$1465,A6,'All issues'!$C$2:$C$1465,"Medium") | D6: =COUNTIFS('All issues'!$B$2:$B$1465,A6,'All issues'!$C$2:$C$1465,"Low") | E6: =SUM(B6:D6)
A7: Antifect (Cefepime) (ANT10) | B7: =COUNTIFS('All issues'!$B$2:$B$1465,A7,'All issues'!$C$2:$C$1465,"High") | C7: =COUNTIFS('All issues'!$B$2:$B$1465,A7,'All issues'!$C$2:$C$1465,"Medium") | D7: =COUNTIFS('All issues'!$B$2:$B$1465,A7,'All issues'!$C$2:$C$1465,"Low") | E7: =SUM(B7:D7)
A8: Baraclude / Envir (Entecavir) (BAR03, ENV01, ENV02) | B8: =COUNTIFS('All issues'!$B$2:$B$1465,A8,'All issues'!$C$2:$C$1465,"High") | C8: =COUNTIFS('All issues'!$B$2:$B$1465,A8,'All issues'!$C$2:$C$1465,"Medium") | D8: =COUNTIFS('All issues'!$B$2:$B$1465,A8,'All issues'!$C$2:$C$1465,"Low") | E8: =SUM(B8:D8)
A9: Bicillin (Penicillin G benzathine) (PEN11, BIC02) | B9: =COUNTIFS('All issues'!$B$2:$B$1465,A9,'All issues'!$C$2:$C$1465,"High") | C9: =COUNTIFS('All issues'!$B$2:$B$1465,A9,'All issues'!$C$2:$C$1465,"Medium") | D9: =COUNTIFS('All issues'!$B$2:$B$1465,A9,'All issues'!$C$2:$C$1465,"Low") | E9: =SUM(B9:D9)
A10: Biktarvy (Bictegravir/Emtricitabine/TAF) (BIK01, BIK02) | B10: =COUNTIFS('All issues'!$B$2:$B$1465,A10,'All issues'!$C$2:$C$1465,"High") | C10: =COUNTIFS('All issues'!$B$2:$B$1465,A10,'All issues'!$C$2:$C$1465,"Medium") | D10: =COUNTIFS('All issues'!$B$2:$B$1465,A10,'All issues'!$C$2:$C$1465,"Low") | E10: =SUM(B10:D10)
A11: Bobimixyn (Polymyxin B) (BOB01) | B11: =COUNTIFS('All issues'!$B$2:$B$1465,A11,'All issues'!$C$2:$C$1465,"High") | C11: =COUNTIFS('All issues'!$B$2:$B$1465,A11,'All issues'!$C$2:$C$1465,"Medium") | D11: =COUNTIFS('All issues'!$B$2:$B$1465,A11,'All issues'!$C$2:$C$1465,"Low") | E11: =SUM(B11:D11)
A12: Brosym (cefoperazone-sulbactam) (BRO04, BUR01) | B12: =COUNTIFS('All issues'!$B$2:$B$1465,A12,'All issues'!$C$2:$C$1465,"High") | C12: =COUNTIFS('All issues'!$B$2:$B$1465,A12,'All issues'!$C$2:$C$1465,"Medium") | D12: =COUNTIFS('All issues'!$B$2:$B$1465,A12,'All issues'!$C$2:$C$1465,"Low") | E12: =SUM(B12:D12)
A13: Cefa (Cefazolin) (CEF01) | B13: =COUNTIFS('All issues'!$B$2:$B$1465,A13,'All issues'!$C$2:$C$1465,"High") | C13: =COUNTIFS('All issues'!$B$2:$B$1465,A13,'All issues'!$C$2:$C$1465,"Medium") | D13: =COUNTIFS('All issues'!$B$2:$B$1465,A13,'All issues'!$C$2:$C$1465,"Low") | E13: =SUM(B13:D13)
... A89: Zyvox (Linezolid) (ZYV01, ZYV02) | B89: =COUNTIFS('All issues'!$B$2:$B$1465,A89,'All issues'!$C$2:$C$1465,"High") | C89: =COUNTIFS('All issues'!$B$2:$B$1465,A89,'All issues'!$C$2:$C$1465,"Medium") | D89: =COUNTIFS('All issues'!$B$2:$B$1465,A89,'All issues'!$C$2:$C$1465,"Low") | E89: =SUM(B89:D89)
